,Date,Time,Origin,Destination,NbSegments,Seg1Date,Seg2Date,Flag
0,2013-01-01,20:25:57,TXL,AUH,2,2013-01-26 00:00:00,2013-02-02 00:00:00,0
1,2013-01-01,10:15:33,ATH,MIL,1,2013-01-04 00:00:00,,0
2,2013-01-01,18:04:49,ICT,SFO,2,2013-08-02 00:00:00,2013-08-09 00:00:00,0
3,2013-01-01,17:42:40,RNB,ARN,1,2013-01-02 00:00:00,,0
4,2013-01-01,17:48:29,OSL,MAD,2,2013-03-22 00:00:00,2013-03-31 00:00:00,0
5,2013-01-01,22:00:28,IAH,BLR,2,2013-02-14 00:00:00,2013-02-23 00:00:00,0
6,2013-01-01,10:47:14,CPH,PAR,2,2013-03-02 00:00:00,2013-03-07 00:00:00,0
7,2013-01-01,23:39:49,PAR,DUB,2,2013-02-12 00:00:00,2013-02-17 00:00:00,0
8,2013-01-01,17:08:46,DUS,ACE,2,2013-03-30 00:00:00,2013-04-06 00:00:00,0
9,2013-01-01,19:57:57,FRA,BGW,2,2013-02-26 00:00:00,2013-04-08 00:00:00,0
10,2013-01-01,18:01:31,PAR,BUD,2,2013-03-14 00:00:00,2013-03-17 00:00:00,0
11,2013-01-01,09:32:18,RIO,POA,2,2013-02-01 00:00:00,2013-02-18 00:00:00,0
12,2013-01-01,05:41:14,HKG,MXP,2,2013-05-21 00:00:00,2013-06-03 00:00:00,0
13,2013-01-01,07:05:45,BCN,LON,1,2013-01-30 00:00:00,,0
14,2013-01-01,03:30:49,CLE,SNN,2,2013-06-05 00:00:00,2013-06-23 00:00:00,0
15,2013-01-01,09:19:41,BSB,SLZ,1,2013-04-23 00:00:00,,0
16,2013-01-01,06:20:43,PEK,PHL,1,2013-02-22 00:00:00,,0
17,2013-01-01,18:54:24,BOS,GRU,2,2013-01-04 00:00:00,2013-02-04 00:00:00,0
18,2013-01-01,10:47:24,TBS,IKT,1,2013-04-02 00:00:00,,0
19,2013-01-01,19:02:13,LON,HKG,2,2013-01-05 00:00:00,2013-01-11 00:00:00,0
20,2013-01-01,18:38:29,MAD,SEA,2,2013-06-26 00:00:00,2013-07-26 00:00:00,0
21,2013-01-01,14:07:13,DUS,STN,2,2013-03-18 00:00:00,2013-03-22 00:00:00,0
22,2013-01-01,15:14:09,PAD,FUE,1,2013-01-15 00:00:00,,0
23,2013-01-01,23:32:58,DUS,IST,2,2013-03-24 00:00:00,2013-03-28 00:00:00,0
24,2013-01-01,10:39:09,BHX,VIE,2,2013-01-15 00:00:00,2013-01-22 00:00:00,0
25,2013-01-01,13:49:17,CGB,SAO,1,2013-01-07 00:00:00,,0
26,2013-01-01,21:22:10,ZRH,BRI,2,2013-04-06 00:00:00,2013-04-14 00:00:00,0
27,2013-01-01,18:33:28,RUH,JED,1,2013-01-04 00:00:00,,0
28,2013-01-01,16:59:19,UME,CPH,2,2013-01-06 00:00:00,2013-01-15 00:00:00,0
29,2013-01-01,21:25:37,FRA,DRS,1,2013-04-03 00:00:00,,0
30,2013-01-01,10:13:02,BER,DUS,2,2013-02-22 00:00:00,2013-07-24 00:00:00,0
31,2013-01-01,01:47:30,WAW,VCE,2,2013-04-20 00:00:00,2013-04-27 00:00:00,0
32,2013-01-01,22:43:07,MOW,NBC,1,2013-01-05 00:00:00,,0
33,2013-01-01,17:09:52,FRA,USM,2,2013-01-02 00:00:00,2013-01-17 00:00:00,0
34,2013-01-01,17:59:44,FRA,IAD,2,2013-03-20 00:00:00,2013-03-25 00:00:00,0
35,2013-01-01,16:24:29,STO,BKK,2,2013-03-04 00:00:00,2013-03-20 00:00:00,0
36,2013-01-01,16:43:16,LYS,SIN,2,2013-04-18 00:00:00,2013-05-09 00:00:00,0
37,2013-01-01,07:25:32,HYD,LKO,1,2013-01-04 00:00:00,,0
38,2013-01-01,01:44:37,CPH,BKK,2,2013-01-09 00:00:00,2013-02-06 00:00:00,0
39,2013-01-01,18:45:56,GRZ,MUC,2,2013-02-23 00:00:00,2013-03-03 00:00:00,0
40,2013-01-01,06:36:57,DMM,MNL,2,2013-06-01 00:00:00,2013-06-30 00:00:00,0
41,2013-01-01,06:31:05,MAA,BBI,1,2013-02-18 00:00:00,,0
42,2013-01-01,12:22:08,CPH,MNL,2,2013-01-07 00:00:00,2013-02-03 00:00:00,0
43,2013-01-01,16:02:22,BOS,RSW,2,2013-04-12 00:00:00,2013-04-21 00:00:00,0
44,2013-01-01,07:45:38,PVG,CMH,1,2013-02-22 00:00:00,,0
45,2013-01-01,11:48:31,EWR,PLS,2,2013-01-22 00:00:00,2013-01-29 00:00:00,0
46,2013-01-01,13:58:19,STR,MIL,2,2013-02-01 00:00:00,2013-02-03 00:00:00,0
47,2013-01-01,13:01:06,TLV,HAJ,2,2013-03-26 00:00:00,2013-03-26 00:00:00,0
48,2013-01-01,19:14:18,DUS,NKC,1,2013-01-04 00:00:00,,0
49,2013-01-01,04:49:55,OTP,CPH,1,2013-06-12 00:00:00,,0
50,2013-01-01,15:57:28,DME,HEL,4,2013-01-02 00:00:00,2013-01-02 00:00:00,0
51,2013-01-01,21:58:18,DUS,AYT,2,2013-08-07 00:00:00,2013-09-02 00:00:00,0
52,2013-01-01,19:06:51,OPO,SEA,2,2013-08-25 00:00:00,2013-09-10 00:00:00,0
53,2013-01-01,18:49:43,STR,FLR,2,2013-03-08 00:00:00,2013-03-10 00:00:00,0
54,2013-01-01,21:42:06,CGN,LIS,1,2013-01-19 00:00:00,,0
55,2013-01-01,12:11:34,PAR,BOD,2,2013-01-30 00:00:00,2013-02-19 00:00:00,0
56,2013-01-01,21:41:38,BHX,IKA,2,2013-04-11 00:00:00,2013-04-30 00:00:00,0
57,2013-01-01,13:33:05,NYC,TLS,1,2013-06-28 00:00:00,,0
58,2013-01-01,10:57:13,MUC,MEX,1,2013-07-03 00:00:00,,0
59,2013-01-01,07:00:38,ATL,MIA,1,2013-01-10 00:00:00,,0
60,2013-01-01,02:11:27,LON,BKK,2,2013-03-01 00:00:00,2013-03-15 00:00:00,0
61,2013-01-01,20:38:27,SGC,LED,1,2013-01-11 00:00:00,,0
62,2013-01-01,11:58:10,BCN,VIE,1,2013-10-31 00:00:00,,0
63,2013-01-01,21:45:06,LED,FRA,2,2013-03-15 00:00:00,2013-03-31 00:00:00,0
64,2013-01-01,14:14:07,YUL,ATH,2,2013-07-13 00:00:00,2013-08-03 00:00:00,0
65,2013-01-01,16:46:38,LHR,DXB,2,2013-05-24 00:00:00,2013-06-04 00:00:00,0
66,2013-01-01,07:44:09,LYS,MRS,2,2013-02-05 00:00:00,2013-02-05 00:00:00,0
67,2013-01-01,12:57:34,ATL,MSY,1,2013-01-15 00:00:00,,0
68,2013-01-01,20:00:05,IAD,SVO,1,2013-09-11 00:00:00,,0
69,2013-01-01,07:22:58,KEF,CPH,2,2013-01-13 00:00:00,2013-01-18 00:00:00,0
70,2013-01-01,17:23:37,DSM,ONT,2,2013-02-19 00:00:00,2013-03-05 00:00:00,0
71,2013-01-01,20:13:34,CMH,SJD,2,2013-07-01 00:00:00,2013-07-06 00:00:00,0
72,2013-01-01,19:03:56,CGN,MUC,1,2013-02-15 00:00:00,,0
73,2013-01-01,14:25:20,LON,MNL,2,2013-05-25 00:00:00,2013-06-15 00:00:00,0
74,2013-01-01,18:15:46,PEE,SOF,1,2013-01-04 00:00:00,,0
75,2013-01-01,17:13:41,PHL,LON,2,2013-07-09 00:00:00,2013-07-27 00:00:00,0
76,2013-01-01,00:06:35,LED,BUD,2,2013-01-03 00:00:00,2013-01-10 00:00:00,0
77,2013-01-01,16:40:47,MSP,KHH,2,2013-01-16 00:00:00,2013-01-30 00:00:00,0
78,2013-01-01,15:22:10,LON,ORL,2,2013-03-13 00:00:00,2013-03-27 00:00:00,0
79,2013-01-01,10:46:27,ROM,MRS,2,2013-07-20 00:00:00,2013-08-05 00:00:00,0
80,2013-01-01,15:29:41,FRA,TFN,2,2013-06-11 00:00:00,2013-06-18 00:00:00,0
81,2013-01-01,12:38:55,FRA,NYC,2,2013-03-24 00:00:00,2013-04-03 00:00:00,0
82,2013-01-01,14:17:37,KOA,YVR,1,2013-02-05 00:00:00,,0
83,2013-01-01,02:04:17,CCU,HYD,1,2013-01-08 00:00:00,,0
84,2013-01-01,11:39:49,IXC,PNQ,2,2013-01-05 00:00:00,2013-01-11 00:00:00,0
85,2013-01-01,11:08:27,CMN,BLQ,1,2013-01-08 00:00:00,,0
86,2013-01-01,17:28:53,ACE,DUS,1,2013-07-08 00:00:00,,0
87,2013-01-01,15:00:33,SKG,DUS,2,2013-03-29 00:00:00,2013-04-10 00:00:00,0
88,2013-01-01,23:26:45,SLC,MKC,2,2013-01-08 00:00:00,2013-01-22 00:00:00,0
89,2013-01-01,13:53:02,AMS,DEN,2,2013-05-14 00:00:00,2013-06-07 00:00:00,0
90,2013-01-01,00:35:02,JFK,VIE,2,2013-01-25 00:00:00,2013-02-01 00:00:00,0
91,2013-01-01,14:31:13,VTZ,SVX,1,2013-01-08 00:00:00,,0
92,2013-01-01,15:10:30,PAR,REK,2,2013-08-28 00:00:00,2013-09-03 00:00:00,0
93,2013-01-01,20:15:57,FRA,AGP,2,2013-10-13 00:00:00,2013-10-20 00:00:00,0
94,2013-01-01,10:33:19,DXB,KUL,2,2013-01-16 00:00:00,2013-01-23 00:00:00,0
95,2013-01-01,18:39:14,PMO,VRN,2,2013-01-05 00:00:00,2013-01-07 00:00:00,0
96,2013-01-01,08:47:07,QYG,SFO,2,2013-04-01 00:00:00,2013-04-05 00:00:00,0
97,2013-01-01,21:07:29,MAH,PAR,1,2013-08-17 00:00:00,,0
98,2013-01-01,17:17:21,SFO,LGW,2,2013-06-19 00:00:00,2013-07-02 00:00:00,0
99,2013-01-01,15:08:37,LHR,LAX,2,2013-09-07 00:00:00,2013-09-28 00:00:00,0
100,2013-01-01,08:51:25,HRB,HEK,1,2013-01-15 00:00:00,,0
101,2013-01-01,16:16:57,FUK,HNL,4,2013-03-10 00:00:00,2013-03-11 00:00:00,0
102,2013-01-01,16:06:33,STN,KTW,2,2013-01-25 00:00:00,2013-01-27 00:00:00,0
103,2013-01-01,01:28:57,NYC,OAX,2,2013-01-06 00:00:00,2013-02-09 00:00:00,0
104,2013-01-01,01:30:54,MAA,ORD,1,2013-01-05 00:00:00,,0
105,2013-01-01,17:42:20,LHR,ATL,2,2013-06-11 00:00:00,2013-06-16 00:00:00,0
106,2013-01-01,19:49:58,MUC,FCO,2,2013-05-18 00:00:00,2013-05-25 00:00:00,0
107,2013-01-01,07:16:38,HKG,CRK,2,2013-02-08 00:00:00,2013-02-16 00:00:00,0
108,2013-01-01,10:40:17,EZE,CUZ,4,2013-01-19 00:00:00,2013-01-20 00:00:00,0
109,2013-01-01,20:35:26,DUB,YEG,1,2013-05-17 00:00:00,,0
110,2013-01-01,00:52:04,PHL,GDL,2,2013-05-11 00:00:00,2013-05-18 00:00:00,0
111,2013-01-01,10:11:26,TLS,LAN,2,2013-01-24 00:00:00,2013-01-27 00:00:00,0
112,2013-01-01,09:23:59,FRA,LON,1,2013-01-07 00:00:00,,0
113,2013-01-01,23:40:53,ALC,BCN,2,2013-02-08 00:00:00,2013-02-08 00:00:00,0
114,2013-01-01,22:30:16,MAN,MJV,2,2013-06-01 00:00:00,2013-06-07 00:00:00,0
115,2013-01-01,01:32:24,DCA,JFK,2,2013-01-15 00:00:00,2013-01-15 00:00:00,0
116,2013-01-01,20:59:27,YKF,NAS,2,2013-01-22 00:00:00,2013-01-29 00:00:00,0
117,2013-01-01,00:02:22,SPU,VIE,4,2013-01-22 00:00:00,2013-01-23 00:00:00,0
118,2013-01-01,12:17:36,LIS,ROM,1,2013-01-18 00:00:00,,0
119,2013-01-01,21:52:53,PMI,LIS,1,2013-06-07 00:00:00,,0
120,2013-01-01,03:19:12,YYC,IST,2,2013-02-10 00:00:00,2013-02-28 00:00:00,0
121,2013-01-01,23:05:58,YYZ,YYC,1,2013-01-02 00:00:00,,0
122,2013-01-01,18:07:31,PAR,NYC,2,2013-06-05 00:00:00,2013-06-13 00:00:00,0
123,2013-01-01,10:32:29,LHR,JFK,2,2013-07-25 00:00:00,2013-07-29 00:00:00,0
124,2013-01-01,14:49:50,ZRH,OSL,2,2013-03-01 00:00:00,2013-03-05 00:00:00,0
125,2013-01-01,22:17:12,DUS,BER,1,2013-11-24 00:00:00,,0
126,2013-01-01,20:51:07,MRS,MUC,2,2013-04-06 00:00:00,2013-04-13 00:00:00,0
127,2013-01-01,13:53:19,EWR,TUL,2,2013-04-18 00:00:00,2013-04-18 00:00:00,0
128,2013-01-01,10:44:06,AMD,LKO,1,2013-02-26 00:00:00,,0
129,2013-01-01,23:19:41,ORL,PAR,2,2013-07-25 00:00:00,2013-07-31 00:00:00,0
130,2013-01-01,18:01:04,FLN,SSA,1,2013-02-14 00:00:00,,0
131,2013-01-01,09:27:43,ROM,DXB,2,2013-02-15 00:00:00,2013-03-02 00:00:00,0
132,2013-01-01,18:53:32,NYC,DEL,2,2013-04-10 00:00:00,2013-04-17 00:00:00,0
133,2013-01-01,10:16:26,HEL,AYT,2,2013-06-01 00:00:00,2013-06-08 00:00:00,0
134,2013-01-01,23:30:44,MEL,SYD,1,2013-01-31 00:00:00,,0
135,2013-01-01,12:34:50,BCN,BER,2,2013-01-08 00:00:00,2013-01-16 00:00:00,0
136,2013-01-01,19:51:20,AGP,DXB,2,2013-01-24 00:00:00,2013-01-25 00:00:00,0
137,2013-01-01,22:26:45,FRA,BKK,2,2013-07-05 00:00:00,2013-07-27 00:00:00,0
138,2013-01-01,23:59:06,RIO,TYO,2,2013-08-03 00:00:00,2013-08-22 00:00:00,0
139,2013-01-01,15:51:33,ZRH,BUD,2,2013-01-05 00:00:00,2013-01-08 00:00:00,0
140,2013-01-01,20:59:58,AYT,DME,1,2013-01-03 00:00:00,,0
141,2013-01-01,20:18:09,YUL,SLC,2,2013-03-09 00:00:00,2013-03-17 00:00:00,0
142,2013-01-01,23:02:40,UDI,BHZ,2,2013-01-11 00:00:00,2013-01-13 00:00:00,0
143,2013-01-01,07:26:59,RUH,CGK,2,2013-05-22 00:00:00,2013-06-06 00:00:00,0
144,2013-01-01,05:42:59,BOG,AMS,2,2013-01-11 00:00:00,2013-06-15 00:00:00,0
145,2013-01-01,17:01:51,CTG,MDE,1,2013-03-16 00:00:00,,0
146,2013-01-01,19:07:24,FDH,LPA,1,2013-12-22 00:00:00,,0
147,2013-01-01,15:35:53,HHN,AGP,1,2013-01-06 00:00:00,,0
148,2013-01-01,09:16:50,CTU,AKL,2,2013-01-15 00:00:00,2013-01-23 00:00:00,0
149,2013-01-01,11:28:55,SKG,MJT,1,2013-06-25 00:00:00,,0
150,2013-01-01,01:44:59,HND,BKK,2,2013-04-09 00:00:00,2013-05-08 00:00:00,0
151,2013-01-01,10:46:21,FRA,MAD,1,2013-03-03 00:00:00,,0
152,2013-01-01,20:18:28,VLC,FUE,2,2013-01-13 00:00:00,2013-01-20 00:00:00,0
153,2013-01-01,04:00:38,IAD,DEL,2,2013-01-30 00:00:00,2013-02-10 00:00:00,0
154,2013-01-01,23:21:30,PHL,BIS,2,,,0
155,2013-01-01,21:20:51,PAR,TYO,2,2013-03-03 00:00:00,2013-03-14 00:00:00,0
156,2013-01-01,19:11:13,GOT,BJA,2,2013-05-01 00:00:00,2013-05-06 00:00:00,0
157,2013-01-01,15:09:22,LHE,NYC,1,2013-03-05 00:00:00,,0
158,2013-01-01,07:56:59,ARN,HKT,4,2013-03-01 00:00:00,2013-03-02 00:00:00,0
159,2013-01-01,07:18:23,SIN,SRG,2,2013-09-21 00:00:00,2013-09-25 00:00:00,0
160,2013-01-01,21:27:41,BOM,GOI,2,2013-01-02 00:00:00,2013-01-04 00:00:00,0
161,2013-01-01,17:57:14,FRA,CMB,2,2013-03-23 00:00:00,2013-04-05 00:00:00,0
162,2013-01-01,19:13:20,MSP,QRO,2,2013-04-13 00:00:00,2013-04-19 00:00:00,0
163,2013-01-01,22:38:39,YYZ,BOM,2,2013-01-10 00:00:00,2013-02-06 00:00:00,0
164,2013-01-01,18:50:56,TYO,NYC,1,2013-07-14 00:00:00,,0
165,2013-01-01,03:40:25,SFO,BCN,2,2013-03-20 00:00:00,2013-04-24 00:00:00,0
166,2013-01-01,20:26:34,ATL,EWR,2,2013-01-05 00:00:00,2013-01-11 00:00:00,0
167,2013-01-01,19:26:46,MAN,YVR,2,2013-09-01 00:00:00,2013-10-27 00:00:00,0
168,2013-01-01,20:46:25,BUD,TYO,2,2013-01-04 00:00:00,2013-01-12 00:00:00,0
169,2013-01-01,22:01:48,DFW,LAS,2,2013-01-13 00:00:00,2013-01-15 00:00:00,0
170,2013-01-01,19:41:52,FRA,JFK,2,2013-05-06 00:00:00,2013-05-22 00:00:00,0
171,2013-01-01,22:21:52,LHR,TXL,2,2013-01-13 00:00:00,2013-01-13 00:00:00,0
172,2013-01-01,18:34:27,BOM,JED,2,2013-01-26 00:00:00,2013-01-29 00:00:00,0
173,2013-01-01,15:34:03,TCI,ALC,1,2013-02-15 00:00:00,,0
174,2013-01-01,22:49:21,LAX,BJX,1,2013-01-05 00:00:00,,0
175,2013-01-01,17:10:52,WAW,ROM,2,2013-06-04 00:00:00,2013-06-09 00:00:00,0
176,2013-01-01,10:11:56,GOT,BKK,2,2013-06-14 00:00:00,2013-07-07 00:00:00,0
177,2013-01-01,11:26:34,MOW,BCN,2,2013-01-16 00:00:00,2013-01-21 00:00:00,0
178,2013-01-01,08:00:17,SFO,CUN,2,2013-07-20 00:00:00,2013-07-31 00:00:00,0
179,2013-01-01,22:16:21,HEL,GLA,2,2013-06-05 00:00:00,2013-06-12 00:00:00,0
180,2013-01-01,13:02:08,FRA,PVG,2,2013-07-01 00:00:00,2013-07-15 00:00:00,0
181,2013-01-01,23:43:11,FRA,BUH,2,2013-01-06 00:00:00,2013-01-11 00:00:00,0
182,2013-01-01,21:42:12,CLT,GVA,2,2013-04-09 00:00:00,2013-04-18 00:00:00,0
183,2013-01-01,00:55:16,RUH,KUL,5,2013-03-31 00:00:00,2013-03-31 00:00:00,0
184,2013-01-01,11:35:15,OSL,MUC,3,2013-02-07 00:00:00,2013-02-07 00:00:00,0
185,2013-01-01,16:21:00,MRS,YYZ,2,2013-02-23 00:00:00,2013-03-06 00:00:00,0
186,2013-01-01,09:46:07,CPH,BCN,2,2013-05-09 00:00:00,2013-05-12 00:00:00,0
187,2013-01-01,12:26:40,YYC,YYZ,2,2013-02-03 00:00:00,2013-02-04 00:00:00,0
188,2013-01-01,02:07:17,NDR,BCN,2,2013-01-18 00:00:00,2013-02-01 00:00:00,0
189,2013-01-01,06:29:04,TUN,FRA,2,2013-01-28 00:00:00,2013-01-28 00:00:00,0
190,2013-01-01,18:09:03,BHX,STO,2,2013-05-10 00:00:00,2013-05-13 00:00:00,0
191,2013-01-01,13:04:30,FRA,IST,2,2013-01-10 00:00:00,2013-05-12 00:00:00,0
192,2013-01-01,17:39:38,PMI,STR,1,2013-06-27 00:00:00,,0
193,2013-01-01,06:53:50,COK,CHI,1,2013-02-02 00:00:00,,0
194,2013-01-01,18:28:14,MAN,JFK,2,2013-08-10 00:00:00,2013-08-24 00:00:00,0
195,2013-01-01,13:31:13,HKG,CTS,4,2013-02-06 00:00:00,2013-02-06 00:00:00,0
196,2013-01-01,09:04:19,CTA,LUX,1,2013-01-05 00:00:00,,0
197,2013-01-01,17:47:35,MOW,IST,1,2013-01-05 00:00:00,,0
198,2013-01-01,19:17:03,EWR,SJU,2,2013-02-17 00:00:00,2013-02-21 00:00:00,0
199,2013-01-01,09:39:44,BER,LAS,2,2013-01-14 00:00:00,2013-01-28 00:00:00,0
200,2013-01-01,22:46:32,HKG,BKI,2,2013-08-17 00:00:00,2013-09-02 00:00:00,0
201,2013-01-01,19:01:36,VCE,CPT,2,2013-01-01 00:00:00,2013-01-11 00:00:00,0
202,2013-01-01,16:13:40,FRA,CNS,2,2013-02-25 00:00:00,2013-04-21 00:00:00,0
203,2013-01-01,16:39:48,TLS,RUN,2,2013-07-13 00:00:00,2013-07-26 00:00:00,0
204,2013-01-01,17:12:25,YEG,RAR,2,2013-01-14 00:00:00,2013-01-21 00:00:00,0
205,2013-01-01,19:56:57,PHX,DEL,2,2013-05-10 00:00:00,2013-08-23 00:00:00,0
206,2013-01-01,18:24:08,MAN,KHI,2,2013-01-08 00:00:00,2013-02-12 00:00:00,0
207,2013-01-01,20:27:53,NYC,MBJ,2,2013-02-17 00:00:00,2013-02-24 00:00:00,0
208,2013-01-01,15:58:35,CGN,BCN,2,2013-02-04 00:00:00,2013-02-04 00:00:00,0
209,2013-01-01,18:21:27,NTE,SBH,2,2013-08-04 00:00:00,2013-08-31 00:00:00,0
210,2013-01-01,11:45:07,FLL,DFW,1,2013-01-08 00:00:00,,0
211,2013-01-01,18:19:10,MAN,TPA,2,2013-09-05 00:00:00,2013-11-11 00:00:00,0
212,2013-01-01,22:11:15,ORD,MUC,2,2013-09-02 00:00:00,2013-09-11 00:00:00,0
213,2013-01-01,09:51:08,JFK,LGW,2,2013-04-29 00:00:00,2013-05-01 00:00:00,0
214,2013-01-01,20:54:12,LON,LIS,2,2013-05-04 00:00:00,2013-05-18 00:00:00,0
215,2013-01-01,00:55:24,TFS,BER,2,2013-03-30 00:00:00,2013-03-30 00:00:00,0
216,2013-01-01,20:47:14,MIL,PAR,2,2013-02-06 00:00:00,2013-02-12 00:00:00,0
217,2013-01-01,18:50:02,MIA,NYC,1,2013-01-05 00:00:00,,0
218,2013-01-01,15:40:41,YUL,JFK,2,2013-02-02 00:00:00,2013-02-09 00:00:00,0
219,2013-01-01,13:39:48,DUS,MUC,2,2013-01-08 00:00:00,2013-01-22 00:00:00,0
220,2013-01-01,20:13:50,IOM,LPL,1,2013-06-27 00:00:00,,0
221,2013-01-01,23:46:18,YYZ,MSP,2,2013-01-10 00:00:00,2013-01-10 00:00:00,0
222,2013-01-01,15:13:20,SAO,POA,2,2013-01-10 00:00:00,2013-01-15 00:00:00,0
223,2013-01-01,08:28:22,EOH,BGA,2,2013-01-30 00:00:00,2013-02-06 00:00:00,0
224,2013-01-01,14:12:31,PAR,TYO,2,2013-02-15 00:00:00,2013-02-24 00:00:00,0
225,2013-01-01,15:24:29,LON,DFW,1,2013-11-10 00:00:00,,0
226,2013-01-01,18:52:24,ATL,DEL,2,2013-04-02 00:00:00,2013-05-15 00:00:00,0
227,2013-01-01,01:03:29,LBA,LHR,2,2013-01-07 00:00:00,2013-01-07 00:00:00,0
228,2013-01-01,12:28:08,NYC,IST,2,2013-10-05 00:00:00,2013-10-12 00:00:00,0
229,2013-01-01,15:18:55,PAR,BCN,2,2013-01-05 00:00:00,2013-01-05 00:00:00,0
230,2013-01-01,23:12:24,LAS,PNH,1,2013-01-29 00:00:00,,0
231,2013-01-01,09:58:25,LIS,FRA,1,2013-01-22 00:00:00,,0
232,2013-01-01,05:11:37,MOW,TIV,2,2013-01-29 00:00:00,2013-02-02 00:00:00,0
233,2013-01-01,14:05:28,RUH,CCJ,1,2013-01-06 00:00:00,,0
234,2013-01-01,13:41:27,LON,BNE,2,2013-08-12 00:00:00,2013-09-06 00:00:00,0
235,2013-01-01,00:50:09,HKG,SYX,2,2013-02-17 00:00:00,2013-02-19 00:00:00,0
236,2013-01-01,13:51:58,BNA,ROM,1,2013-03-02 00:00:00,,0
237,2013-01-01,17:07:06,MEL,SYD,2,2013-01-03 00:00:00,2013-01-10 00:00:00,0
238,2013-01-01,20:04:03,ETZ,RHO,1,2013-04-08 00:00:00,,0
239,2013-01-01,08:52:14,FRA,BKK,2,2013-06-27 00:00:00,2013-07-25 00:00:00,0
240,2013-01-01,17:37:50,IST,GVA,2,2013-05-12 00:00:00,2013-05-24 00:00:00,0
241,2013-01-01,21:39:19,BNE,MEL,2,2013-06-09 00:00:00,2013-06-16 00:00:00,0
242,2013-01-01,18:47:50,GVA,AGP,2,2013-03-09 00:00:00,2013-03-17 00:00:00,0
243,2013-01-01,15:15:58,UFA,MOW,1,2013-02-03 00:00:00,,0
244,2013-01-01,04:49:01,ORY,CPH,2,2013-03-15 00:00:00,2013-03-18 00:00:00,0
245,2013-01-01,20:18:36,PAR,NYC,2,2013-01-26 00:00:00,2013-02-01 00:00:00,0
246,2013-01-01,23:59:17,ZRH,SIN,2,2013-02-04 00:00:00,2013-03-21 00:00:00,0
247,2013-01-01,17:34:28,MCO,KRT,2,2013-01-07 00:00:00,2013-01-21 00:00:00,0
248,2013-01-01,20:53:14,VIE,LCA,2,2013-03-25 00:00:00,2013-03-31 00:00:00,0
249,2013-01-01,15:42:44,IAD,BOM,2,2013-01-13 00:00:00,2013-02-11 00:00:00,0
250,2013-01-01,10:57:52,ATH,TRN,1,2013-01-05 00:00:00,,0
251,2013-01-01,19:13:03,OLB,MIL,1,2013-06-28 00:00:00,,0
252,2013-01-01,12:20:48,PAR,BHX,2,2013-01-02 00:00:00,2013-01-27 00:00:00,0
253,2013-01-01,06:34:31,MUC,BCN,2,2013-01-03 00:00:00,2013-01-06 00:00:00,0
254,2013-01-01,12:36:03,PAR,NYC,2,2013-04-20 00:00:00,2013-04-27 00:00:00,0
255,2013-01-01,17:07:07,MUC,SBZ,2,2013-05-19 00:00:00,2013-05-26 00:00:00,0
256,2013-01-01,23:56:33,BEY,SOF,4,2013-08-19 00:00:00,2013-08-19 00:00:00,0
257,2013-01-01,19:02:19,DXB,BRI,1,2013-03-08 00:00:00,,0
258,2013-01-01,17:01:59,FNC,MIL,2,2013-01-17 00:00:00,2013-02-01 00:00:00,0
259,2013-01-01,23:20:38,FRA,ASU,2,2013-01-09 00:00:00,2013-01-16 00:00:00,0
260,2013-01-01,13:43:22,CNF,RIO,1,2013-01-08 00:00:00,,0
261,2013-01-01,23:19:32,EDI,ACE,2,2013-07-14 00:00:00,2013-07-21 00:00:00,0
262,2013-01-01,17:57:52,PAR,PPT,2,2013-09-02 00:00:00,2013-09-23 00:00:00,0
263,2013-01-01,00:21:42,PVG,PHX,1,2013-01-18 00:00:00,,0
264,2013-01-01,22:33:54,MSP,BNA,1,2013-01-04 00:00:00,,0
265,2013-01-01,04:42:43,SFO,NYC,1,2013-01-04 00:00:00,,0
266,2013-01-01,21:34:24,PHL,JAX,1,2013-03-10 00:00:00,,0
267,2013-01-01,03:27:00,SJC,SZX,2,2013-07-14 00:00:00,2013-08-01 00:00:00,0
268,2013-01-01,16:11:18,MAN,FAO,2,2013-01-04 00:00:00,2013-01-08 00:00:00,0
269,2013-01-01,16:05:22,MUC,BKK,2,2013-02-14 00:00:00,2013-02-28 00:00:00,0
270,2013-01-01,17:16:40,DUB,STT,2,2013-01-06 00:00:00,2013-01-12 00:00:00,0
271,2013-01-01,22:31:32,GDL,LAX,2,,,0
272,2013-01-01,23:03:40,PER,LHR,2,2013-04-30 00:00:00,2013-05-12 00:00:00,0
273,2013-01-01,17:25:22,MLE,ROM,1,2013-01-11 00:00:00,,0
274,2013-01-01,13:30:40,MFE,MCO,2,2013-01-15 00:00:00,2013-01-22 00:00:00,0
275,2013-01-01,02:04:11,ZRH,BKK,4,2013-07-13 00:00:00,2013-07-13 00:00:00,0
276,2013-01-01,21:13:18,HOU,MUC,2,2013-05-31 00:00:00,2013-06-17 00:00:00,0
277,2013-01-01,19:48:46,OSL,MEH,1,2013-01-21 00:00:00,,0
278,2013-01-01,02:12:54,LEJ,LPA,2,2013-07-18 00:00:00,2013-07-27 00:00:00,0
279,2013-01-01,22:18:27,MUC,SKG,1,2013-08-20 00:00:00,,0
280,2013-01-01,21:23:10,HER,ROM,1,2013-06-29 00:00:00,,0
281,2013-01-01,03:25:57,SAO,REC,2,2013-01-04 00:00:00,2013-01-13 00:00:00,0
282,2013-01-01,01:25:25,PAR,RAK,2,2013-03-06 00:00:00,2013-03-13 00:00:00,0
283,2013-01-01,17:31:38,ZRH,YVR,2,2013-09-04 00:00:00,2013-09-25 00:00:00,0
284,2013-01-01,20:29:58,YYC,PEK,2,2013-05-05 00:00:00,2013-05-23 00:00:00,0
285,2013-01-01,21:29:43,STL,PHX,1,2013-04-17 00:00:00,,0
286,2013-01-01,02:57:06,LAX,CDG,2,2013-02-24 00:00:00,2013-03-26 00:00:00,0
287,2013-01-01,12:14:20,CEB,FRA,1,2013-01-22 00:00:00,,0
288,2013-01-01,23:27:26,TOS,LPA,2,2013-01-31 00:00:00,2013-02-10 00:00:00,0
289,2013-01-01,18:31:12,CGN,NAP,1,2013-01-08 00:00:00,,0
290,2013-01-01,15:16:04,BEL,RIO,1,2013-01-17 00:00:00,,0
291,2013-01-01,22:29:26,BHX,ZRH,2,2013-01-12 00:00:00,2013-01-15 00:00:00,0
292,2013-01-01,17:56:30,PIS,MRS,2,2013-05-03 00:00:00,2013-05-06 00:00:00,0
293,2013-01-01,14:44:39,PSP,PHL,2,2013-06-15 00:00:00,2013-06-22 00:00:00,0
294,2013-01-01,11:47:22,DOH,THR,2,2013-01-03 00:00:00,2013-01-07 00:00:00,0
295,2013-01-01,06:12:21,CPH,STR,1,2013-04-17 00:00:00,,0
296,2013-01-01,15:33:21,RIO,FCO,2,2013-02-08 00:00:00,2013-02-25 00:00:00,0
297,2013-01-01,20:17:41,TIA,FDF,1,2013-08-25 00:00:00,,0
298,2013-01-01,10:06:22,ZRH,LPL,2,2013-05-05 00:00:00,2013-05-18 00:00:00,0
299,2013-01-01,03:40:54,MIA,LHR,1,2013-01-18 00:00:00,,0
300,2013-01-01,13:22:49,OSL,LAX,2,2013-01-03 00:00:00,2013-01-05 00:00:00,0
301,2013-01-01,17:39:18,RSW,MNL,2,2013-01-03 00:00:00,2013-01-17 00:00:00,0
302,2013-01-01,15:57:30,DEL,COK,1,2013-02-17 00:00:00,,0
303,2013-01-01,09:08:34,BOG,MDE,1,2013-01-02 00:00:00,,0
304,2013-01-01,02:11:47,SHA,WAW,2,2013-01-16 00:00:00,2013-01-23 00:00:00,0
305,2013-01-01,14:57:19,FRA,HKT,2,2013-09-27 00:00:00,2013-10-12 00:00:00,0
306,2013-01-01,13:25:48,MIL,DEL,2,2013-08-10 00:00:00,2013-08-24 00:00:00,0
307,2013-01-01,08:34:39,NUE,PMI,2,2013-04-04 00:00:00,2013-04-11 00:00:00,0
308,2013-01-01,08:13:25,HOU,TPE,2,2013-02-19 00:00:00,2013-03-04 00:00:00,0
309,2013-01-01,02:43:30,FMM,SSH,2,2013-07-18 00:00:00,2013-07-31 00:00:00,0
310,2013-01-01,17:08:20,YEG,HNL,2,2013-02-02 00:00:00,2013-02-10 00:00:00,0
311,2013-01-01,15:52:19,YTO,JNB,2,2013-01-07 00:00:00,2013-02-04 00:00:00,0
312,2013-01-01,16:44:05,FRA,JFK,2,2013-05-05 00:00:00,2013-05-12 00:00:00,0
313,2013-01-01,18:29:10,NYC,CMN,2,2013-01-07 00:00:00,2013-02-28 00:00:00,0
314,2013-01-01,08:51:39,HAJ,IST,2,2013-02-23 00:00:00,2013-03-02 00:00:00,0
315,2013-01-01,02:05:23,HYD,DEL,1,2013-02-13 00:00:00,,0
316,2013-01-01,11:44:49,ZAZ,ROM,2,2013-01-01 00:00:00,2013-01-08 00:00:00,0
317,2013-01-01,22:14:33,BOS,IAH,1,2013-01-29 00:00:00,,0
318,2013-01-01,22:01:47,FRA,CTA,2,2013-04-22 00:00:00,2013-04-28 00:00:00,0
319,2013-01-01,12:54:03,MRS,TUN,2,2013-08-09 00:00:00,2013-08-29 00:00:00,0
320,2013-01-01,18:50:50,KRK,FRA,2,2013-03-03 00:00:00,2013-03-06 00:00:00,0
321,2013-01-01,18:33:32,MAD,PAR,2,2013-02-14 00:00:00,2013-02-17 00:00:00,0
322,2013-01-01,14:52:58,MUC,BCN,1,2013-08-01 00:00:00,,0
323,2013-01-01,09:59:31,DMM,JED,1,2013-01-16 00:00:00,,0
324,2013-01-01,17:54:25,HEL,LON,1,2013-03-31 00:00:00,,0
325,2013-01-01,21:22:30,TIJ,AGU,2,2013-01-03 00:00:00,2013-01-12 00:00:00,0
326,2013-01-01,13:38:33,CPH,EWR,2,2013-06-18 00:00:00,2013-07-03 00:00:00,0
327,2013-01-01,10:45:48,MNL,BOM,1,2013-01-18 00:00:00,,0
328,2013-01-01,03:27:06,JFK,TLV,2,2013-03-21 00:00:00,2013-04-19 00:00:00,0
329,2013-01-01,22:10:28,NCL,SYD,4,2013-02-09 00:00:00,2013-02-09 00:00:00,0
330,2013-01-01,14:31:46,NYC,PUJ,2,2013-03-18 00:00:00,2013-03-24 00:00:00,0
331,2013-01-01,18:36:22,PRG,AMS,2,2013-05-29 00:00:00,2013-05-29 00:00:00,0
332,2013-01-01,19:08:03,BNA,OGG,2,2013-04-18 00:00:00,2013-04-25 00:00:00,0
333,2013-01-01,15:34:49,ESB,STO,1,2013-07-21 00:00:00,,0
334,2013-01-01,01:00:54,YYJ,BGI,2,2013-04-15 00:00:00,2013-04-26 00:00:00,0
335,2013-01-01,16:18:46,YMQ,PRG,2,2013-08-22 00:00:00,2013-11-20 00:00:00,0
336,2013-01-01,15:12:07,PHL,SJD,2,2013-02-11 00:00:00,2013-02-21 00:00:00,0
337,2013-01-01,11:10:13,HAM,DEL,2,2013-01-07 00:00:00,2013-01-30 00:00:00,0
338,2013-01-01,18:56:13,ORD,FRA,2,2013-01-16 00:00:00,2013-01-22 00:00:00,0
339,2013-01-01,20:22:29,MRS,SGN,2,2013-05-04 00:00:00,2013-06-06 00:00:00,0
340,2013-01-01,17:46:35,MUC,CPT,4,2013-08-12 00:00:00,2013-08-13 00:00:00,0
341,2013-01-01,08:59:25,CVG,PAR,2,2013-01-15 00:00:00,2013-01-22 00:00:00,0
342,2013-01-01,13:28:46,GVA,LEJ,2,2013-01-01 00:00:00,2013-01-03 00:00:00,0
343,2013-01-01,19:19:29,SOF,ROM,1,2013-01-04 00:00:00,,0
344,2013-01-01,19:01:35,MUC,SFO,1,2013-01-07 00:00:00,,0
345,2013-01-01,18:44:19,VGO,ACE,1,2013-04-06 00:00:00,,0
346,2013-01-01,15:14:11,DUS,WAW,2,2013-01-15 00:00:00,2013-01-27 00:00:00,0
347,2013-01-01,19:03:20,GOT,ZAD,2,2013-01-25 00:00:00,2013-01-28 00:00:00,0
348,2013-01-01,23:16:18,MIL,NYC,2,2013-04-10 00:00:00,2013-07-03 00:00:00,0
349,2013-01-01,21:39:19,HKG,MNL,2,2013-02-09 00:00:00,2013-02-15 00:00:00,0
350,2013-01-01,18:57:26,HAJ,NCL,1,2013-03-03 00:00:00,,0
351,2013-01-01,16:37:44,CPH,BKK,2,2013-06-17 00:00:00,2013-06-27 00:00:00,0
352,2013-01-01,20:26:59,NUE,HAJ,2,2013-01-19 00:00:00,2013-01-23 00:00:00,0
353,2013-01-01,22:47:40,YYZ,PAR,2,2013-03-15 00:00:00,2013-03-23 00:00:00,0
354,2013-01-01,18:50:04,HAM,STO,2,2013-06-18 00:00:00,2013-06-29 00:00:00,0
355,2013-01-01,16:05:09,VIE,AMS,2,2013-01-18 00:00:00,2013-01-27 00:00:00,0
356,2013-01-01,13:52:55,TXL,DUS,2,2013-04-26 00:00:00,2013-04-28 00:00:00,0
357,2013-01-01,14:21:03,MOW,LON,1,2013-10-05 00:00:00,,0
358,2013-01-01,19:04:35,LPL,ALC,2,2013-03-10 00:00:00,2013-03-15 00:00:00,0
359,2013-01-01,21:55:46,PAR,CLT,2,2013-02-10 00:00:00,2013-02-24 00:00:00,0
360,2013-01-01,23:59:58,AUA,NYC,1,2013-01-27 00:00:00,,0
361,2013-01-01,22:31:21,DOK,HRK,2,2013-01-04 00:00:00,2013-01-06 00:00:00,0
362,2013-01-01,02:01:14,MXP,DAC,4,2013-02-26 00:00:00,2013-02-28 00:00:00,0
363,2013-01-01,19:43:58,BGO,AMS,2,2013-03-28 00:00:00,2013-04-01 00:00:00,0
364,2013-01-01,23:24:10,BOS,MIL,2,2013-06-27 00:00:00,2013-07-07 00:00:00,0
365,2013-01-01,22:40:55,DFW,BCN,2,2013-07-30 00:00:00,2013-08-10 00:00:00,0
366,2013-01-01,21:39:24,BCN,SIN,2,2013-01-10 00:00:00,2013-01-14 00:00:00,0
367,2013-01-01,06:21:39,ROM,JFK,1,2013-05-13 00:00:00,,0
368,2013-01-01,23:22:31,FRA,FAO,2,2013-07-20 00:00:00,2013-07-27 00:00:00,0
369,2013-01-01,03:38:06,SAT,YTO,2,2013-06-01 00:00:00,2013-06-09 00:00:00,0
370,2013-01-01,03:28:41,MCO,BLR,2,2013-01-25 00:00:00,2013-03-12 00:00:00,0
371,2013-01-01,16:35:02,HNL,LIH,2,2013-02-04 00:00:00,2013-02-11 00:00:00,0
372,2013-01-01,04:19:44,LAX,MEL,1,2013-12-14 00:00:00,,0
373,2013-01-01,21:03:08,BOS,FCO,2,2013-01-17 00:00:00,2013-01-24 00:00:00,0
374,2013-01-01,16:41:24,BKK,LON,1,2013-01-05 00:00:00,,0
375,2013-01-01,09:24:45,ORY,MAD,3,2013-04-02 00:00:00,2013-04-03 00:00:00,0
376,2013-01-01,16:36:47,CPH,OPO,2,2013-09-08 00:00:00,2013-09-15 00:00:00,0
377,2013-01-01,19:34:34,DAY,BIL,2,2013-06-03 00:00:00,2013-06-10 00:00:00,0
378,2013-01-01,18:39:07,NYC,PRG,1,2013-07-05 00:00:00,,0
379,2013-01-01,17:05:06,LED,ROM,2,2013-05-10 00:00:00,2013-05-14 00:00:00,0
380,2013-01-01,13:37:38,STR,HAJ,1,2013-01-16 00:00:00,,0
381,2013-01-01,01:26:59,NRT,LAX,2,2013-01-16 00:00:00,2013-02-28 00:00:00,0
382,2013-01-01,21:44:19,BOD,PAR,2,2013-01-02 00:00:00,2013-01-02 00:00:00,0
383,2013-01-01,22:03:26,DOK,YTO,2,2013-01-01 00:00:00,2013-01-01 00:00:00,0
384,2013-01-01,21:46:45,MOW,NCE,2,2013-01-07 00:00:00,2013-01-10 00:00:00,0
385,2013-01-01,16:05:37,MUC,CDG,2,2013-01-06 00:00:00,2013-01-12 00:00:00,0
386,2013-01-01,20:53:47,LAX,TLV,2,2013-04-09 00:00:00,2013-04-30 00:00:00,0
387,2013-01-01,22:13:39,LON,DEL,1,2013-01-30 00:00:00,,0
388,2013-01-01,21:48:35,GDL,ONT,1,2013-01-11 00:00:00,,0
389,2013-01-01,18:50:31,FLL,MSY,2,2013-01-09 00:00:00,2013-01-09 00:00:00,0
390,2013-01-01,09:48:20,RUH,MED,1,2013-01-02 00:00:00,,0
391,2013-01-01,19:24:51,YTO,CLE,2,2013-02-06 00:00:00,2013-02-12 00:00:00,0
392,2013-01-01,23:47:02,LTN,KLX,2,2013-08-09 00:00:00,2013-08-16 00:00:00,0
393,2013-01-01,13:57:27,CID,LAS,2,2013-03-28 00:00:00,2013-04-01 00:00:00,0
394,2013-01-01,19:20:10,PAR,TYO,1,2013-01-08 00:00:00,,0
395,2013-01-01,07:26:17,SYD,HAN,2,2013-06-29 00:00:00,2013-07-13 00:00:00,0
396,2013-01-01,13:12:23,OSL,ROM,2,2013-02-15 00:00:00,2013-02-19 00:00:00,0
397,2013-01-01,18:26:22,SYD,ORD,1,2013-02-05 00:00:00,,0
398,2013-01-01,15:07:25,DUS,IST,1,2013-05-09 00:00:00,,0
399,2013-01-01,14:18:30,WAW,FCO,4,2013-02-08 00:00:00,2013-02-08 00:00:00,0
400,2013-01-01,20:29:44,BRU,SDQ,2,2013-01-07 00:00:00,2013-01-21 00:00:00,0
401,2013-01-01,22:10:29,YUL,SDV,2,2013-01-02 00:00:00,2013-01-10 00:00:00,0
402,2013-01-01,10:28:38,BRE,HKT,2,2013-01-23 00:00:00,2013-02-21 00:00:00,0
403,2013-01-01,23:34:51,MIA,CDG,2,2013-06-30 00:00:00,2013-07-30 00:00:00,0
404,2013-01-01,23:17:02,NUE,PMI,2,2013-09-07 00:00:00,2013-09-18 00:00:00,0
405,2013-01-01,22:04:52,FRA,HAM,1,2013-06-08 00:00:00,,0
406,2013-01-01,07:03:29,PAR,MAD,2,2013-02-26 00:00:00,2013-03-05 00:00:00,0
407,2013-01-01,02:13:17,SSA,AJU,2,2013-03-29 00:00:00,2013-03-31 00:00:00,0
408,2013-01-01,17:21:28,BHZ,RIO,2,2013-03-15 00:00:00,2013-03-17 00:00:00,0
409,2013-01-01,12:46:50,LHR,SYD,3,2013-01-31 00:00:00,2013-02-07 00:00:00,0
410,2013-01-01,05:51:47,CPT,FRA,1,2013-01-02 00:00:00,,0
411,2013-01-01,15:25:02,LCY,AMS,2,2013-01-25 00:00:00,2013-01-27 00:00:00,0
412,2013-01-01,15:16:23,MRS,SYD,1,2013-02-01 00:00:00,,0
413,2013-01-01,16:54:18,OSL,TRD,1,2013-01-03 00:00:00,,0
414,2013-01-01,16:37:27,DUS,RSW,2,2013-10-21 00:00:00,2013-11-01 00:00:00,0
415,2013-01-01,15:03:02,AMS,LAS,2,2013-07-11 00:00:00,2013-08-02 00:00:00,0
416,2013-01-01,18:51:06,FRA,BOG,2,2013-05-09 00:00:00,2013-05-30 00:00:00,0
417,2013-01-01,18:02:00,SNN,LAS,2,2013-01-26 00:00:00,2013-02-02 00:00:00,0
418,2013-01-01,14:41:36,AAL,LYS,2,2013-02-07 00:00:00,2013-02-10 00:00:00,0
419,2013-01-01,20:19:36,BHD,BNE,1,2013-01-05 00:00:00,,0
420,2013-01-01,19:04:47,LUX,ZAD,2,2013-07-20 00:00:00,2013-07-27 00:00:00,0
421,2013-01-01,19:18:58,FRA,LIN,1,2013-01-05 00:00:00,,0
422,2013-01-01,20:16:03,SVJ,BOO,2,2013-01-23 00:00:00,2013-01-23 00:00:00,0
423,2013-01-01,19:42:45,BCN,FRA,1,2013-06-05 00:00:00,,0
424,2013-01-01,07:03:25,XQE,XSP,2,2013-07-19 00:00:00,2013-08-02 00:00:00,0
425,2013-01-01,23:31:44,BRU,BOD,1,2013-01-09 00:00:00,,0
426,2013-01-01,22:56:44,JFK,STI,2,2013-07-01 00:00:00,2013-07-19 00:00:00,0
427,2013-01-01,13:24:49,BCN,FMM,2,2013-01-06 00:00:00,2013-01-06 00:00:00,0
428,2013-01-01,04:32:03,MOW,IEV,2,2013-03-22 00:00:00,2013-03-29 00:00:00,0
429,2013-01-01,02:08:25,JED,RUH,1,2013-01-09 00:00:00,,0
430,2013-01-01,14:39:50,ABT,JED,1,2013-01-16 00:00:00,,0
431,2013-01-01,13:07:59,HAJ,VIE,1,2013-01-03 00:00:00,,0
432,2013-01-01,12:55:53,RUH,JED,1,2013-01-14 00:00:00,,0
433,2013-01-01,23:11:53,MXP,HND,2,2013-08-09 00:00:00,2013-08-16 00:00:00,0
434,2013-01-01,12:32:53,HHN,NYC,2,2013-03-08 00:00:00,2013-03-17 00:00:00,0
435,2013-01-01,20:27:06,BNE,LHR,1,2013-11-22 00:00:00,,0
436,2013-01-01,14:22:51,SIN,MAA,1,2013-01-12 00:00:00,,0
437,2013-01-01,18:57:06,AKL,DRW,1,2013-01-12 00:00:00,,0
438,2013-01-01,04:33:04,LAX,MEX,2,2013-01-17 00:00:00,2013-01-27 00:00:00,0
439,2013-01-01,13:18:37,MOW,TAS,1,2013-01-12 00:00:00,,0
440,2013-01-01,17:54:13,LON,DLM,2,2013-05-24 00:00:00,2013-06-02 00:00:00,0
441,2013-01-01,17:12:47,MCO,YYG,1,2013-03-10 00:00:00,,0
442,2013-01-01,03:21:54,IND,NYC,1,2013-01-20 00:00:00,,0
443,2013-01-01,20:45:38,LHR,MJV,2,2013-01-31 00:00:00,2013-02-28 00:00:00,0
444,2013-01-01,12:58:11,ATH,SKG,1,2013-01-04 00:00:00,,0
445,2013-01-01,04:17:24,YLW,PVR,2,2013-02-04 00:00:00,2013-02-10 00:00:00,0
446,2013-01-01,12:43:33,BHX,VCE,2,2013-02-15 00:00:00,2013-02-17 00:00:00,0
447,2013-01-01,20:08:07,MHK,ALG,1,2013-01-21 00:00:00,,0
448,2013-01-01,18:33:20,BLR,SIN,2,2013-01-05 00:00:00,2013-01-16 00:00:00,0
449,2013-01-01,14:58:29,FRA,VIE,2,2013-08-05 00:00:00,2013-08-12 00:00:00,0
450,2013-01-01,22:38:49,LAX,MXP,2,2013-06-23 00:00:00,2013-07-31 00:00:00,0
451,2013-01-01,17:28:44,ARN,INN,2,2013-03-16 00:00:00,2013-03-23 00:00:00,0
452,2013-01-01,18:08:16,AJF,RUH,1,2013-01-02 00:00:00,,0
453,2013-01-01,00:09:20,LHR,NYC,2,2013-01-18 00:00:00,2013-01-20 00:00:00,0
454,2013-01-01,16:33:58,MEL,SYD,2,2013-01-02 00:00:00,2013-01-09 00:00:00,0
455,2013-01-01,02:52:55,DFW,MEX,2,2013-05-15 00:00:00,2013-05-24 00:00:00,0
456,2013-01-01,21:22:45,BKK,KUL,2,2013-01-26 00:00:00,2013-02-02 00:00:00,0
457,2013-01-01,19:55:54,ABE,FLL,2,2013-03-27 00:00:00,2013-04-01 00:00:00,0
458,2013-01-01,12:43:44,DUS,AGP,1,2013-08-31 00:00:00,,0
459,2013-01-01,14:15:25,CHI,DEL,1,2013-01-15 00:00:00,,0
460,2013-01-01,12:04:42,ZRH,RSW,1,2013-05-02 00:00:00,,0
461,2013-01-01,19:27:09,PAR,MPL,2,2013-01-03 00:00:00,2013-01-06 00:00:00,0
462,2013-01-01,22:27:45,CAE,NYC,2,,,0
463,2013-01-01,01:28:20,IST,VCE,1,2013-05-08 00:00:00,,0
464,2013-01-01,11:19:44,FRA,SAN,2,2013-08-11 00:00:00,2013-08-31 00:00:00,0
465,2013-01-01,00:11:42,PIK,XCR,2,2013-01-08 00:00:00,2013-01-15 00:00:00,0
466,2013-01-01,19:44:58,KUL,SYD,4,2013-02-22 00:00:00,2013-02-23 00:00:00,0
467,2013-01-01,21:06:48,OSL,CUZ,2,2013-06-10 00:00:00,2013-06-24 00:00:00,0
468,2013-01-01,07:14:47,ORL,DAC,2,2013-03-11 00:00:00,2013-06-18 00:00:00,0
469,2013-01-01,21:53:32,LHR,JFK,2,2013-05-20 00:00:00,2013-05-24 00:00:00,0
470,2013-01-01,16:38:24,FRA,NYC,2,2013-05-13 00:00:00,2013-06-03 00:00:00,0
471,2013-01-01,11:58:22,LYS,NOU,2,2013-01-12 00:00:00,2013-01-19 00:00:00,0
472,2013-01-01,23:52:13,MIA,MGA,2,2013-01-28 00:00:00,2013-02-03 00:00:00,0
473,2013-01-01,22:18:26,ATL,CDG,2,2013-05-24 00:00:00,2013-06-01 00:00:00,0
474,2013-01-01,16:28:39,DFW,HNL,2,2013-03-28 00:00:00,2013-03-28 00:00:00,0
475,2013-01-01,00:03:11,TLV,JFK,1,2013-01-11 00:00:00,,0
476,2013-01-01,23:41:26,JAX,DEL,2,2013-02-27 00:00:00,2013-04-09 00:00:00,0
477,2013-01-01,09:43:14,LYS,CAS,2,2013-04-15 00:00:00,2013-04-29 00:00:00,0
478,2013-01-01,14:47:50,RKE,BKK,2,2013-01-06 00:00:00,2013-02-13 00:00:00,0
479,2013-01-01,14:27:46,SAO,PAR,2,2013-04-10 00:00:00,2013-04-17 00:00:00,0
480,2013-01-01,20:02:42,MUC,USM,2,2013-02-15 00:00:00,2013-03-07 00:00:00,0
481,2013-01-01,04:32:46,MAH,BCN,2,2013-02-03 00:00:00,2013-02-09 00:00:00,0
482,2013-01-01,02:06:25,OSL,DEL,2,2013-01-24 00:00:00,2013-01-31 00:00:00,0
483,2013-01-01,15:40:40,BKK,ZRH,2,2013-01-15 00:00:00,2013-01-22 00:00:00,0
484,2013-01-01,11:04:49,PRG,BOM,2,2013-01-09 00:00:00,2013-02-20 00:00:00,0
485,2013-01-01,00:20:07,DTW,PAR,2,2013-01-20 00:00:00,2013-01-27 00:00:00,0
486,2013-01-01,23:46:14,FRA,NPL,2,2013-03-01 00:00:00,2013-03-10 00:00:00,0
487,2013-01-01,04:06:42,VLC,SVQ,1,2013-02-14 00:00:00,,0
488,2013-01-01,12:44:23,GRR,BKK,1,2013-11-11 00:00:00,,0
489,2013-01-01,20:27:32,CHI,LAS,2,2013-03-07 00:00:00,2013-03-11 00:00:00,0
490,2013-01-01,14:42:34,STO,NYC,2,2013-02-12 00:00:00,2013-02-17 00:00:00,0
491,2013-01-01,16:11:18,DSM,MCO,2,2013-02-20 00:00:00,2013-02-27 00:00:00,0
492,2013-01-01,19:44:02,HAJ,CDG,2,2013-10-04 00:00:00,2013-10-08 00:00:00,0
493,2013-01-01,13:18:56,MAD,BUH,2,2013-07-15 00:00:00,2013-08-20 00:00:00,0
494,2013-01-01,15:07:42,TCI,MIL,1,2013-01-06 00:00:00,,0
495,2013-01-01,03:41:34,MCO,BKK,2,2013-01-13 00:00:00,2013-01-23 00:00:00,0
496,2013-01-01,21:36:51,YYZ,LHE,2,2013-02-12 00:00:00,2013-02-24 00:00:00,0
497,2013-01-01,15:34:41,LHR,LAS,1,2013-04-06 00:00:00,,0
498,2013-01-01,09:05:02,FRA,BOS,2,2013-05-03 00:00:00,2013-05-04 00:00:00,0
499,2013-01-01,03:38:05,LAX,JFK,1,2013-07-21 00:00:00,,0
500,2013-01-01,17:47:05,MUC,BCN,2,2013-01-04 00:00:00,2013-01-06 00:00:00,0
501,2013-01-01,22:17:43,RAK,LYS,1,2013-02-14 00:00:00,,0
502,2013-01-01,02:19:49,CHI,FMY,2,2013-02-14 00:00:00,2013-02-17 00:00:00,0
503,2013-01-01,21:07:33,LHR,ORD,2,2013-05-17 00:00:00,2013-05-20 00:00:00,0
504,2013-01-01,08:10:28,BLQ,BRI,2,2013-01-04 00:00:00,2013-01-07 00:00:00,0
505,2013-01-01,20:38:20,NYC,IST,2,2013-08-10 00:00:00,2013-08-24 00:00:00,0
506,2013-01-01,10:53:09,TCI,CGN,1,2013-03-24 00:00:00,,0
507,2013-01-01,12:36:19,DUS,ALC,1,2013-07-02 00:00:00,,0
508,2013-01-01,14:23:55,BDS,BLQ,2,2013-01-17 00:00:00,2013-01-20 00:00:00,0
509,2013-01-01,09:50:42,TLV,MAD,2,2013-01-04 00:00:00,2013-01-08 00:00:00,0
510,2013-01-01,20:26:13,SFO,TBZ,2,2013-01-16 00:00:00,2013-01-30 00:00:00,0
511,2013-01-01,23:30:07,CDG,AUH,3,2013-02-27 00:00:00,2013-02-28 00:00:00,0
512,2013-01-01,20:12:50,TLV,LON,2,2013-01-08 00:00:00,2013-01-08 00:00:00,0
513,2013-01-01,17:21:19,HYD,SFO,2,2013-05-09 00:00:00,2013-08-12 00:00:00,0
514,2013-01-01,04:48:26,CGB,UDI,1,2013-01-08 00:00:00,,0
515,2013-01-01,12:40:32,DEN,YQX,2,2013-01-22 00:00:00,2013-01-29 00:00:00,0
516,2013-01-01,16:26:26,FRA,MLE,2,2013-05-20 00:00:00,2013-05-27 00:00:00,0
517,2013-01-01,23:56:52,ORY,LHR,3,2013-03-08 00:00:00,2013-03-08 00:00:00,0
518,2013-01-01,14:10:23,FRA,HKG,2,2013-01-01 00:00:00,2013-01-07 00:00:00,0
519,2013-01-01,17:16:17,CLE,PAR,2,2013-06-15 00:00:00,2013-06-30 00:00:00,0
520,2013-01-01,11:25:30,WAW,ZRH,1,2013-03-14 00:00:00,,0
521,2013-01-01,16:53:49,MUC,BKK,2,2013-08-19 00:00:00,2013-09-03 00:00:00,0
522,2013-01-01,15:27:28,KWI,CMB,2,2013-01-19 00:00:00,2013-02-02 00:00:00,0
523,2013-01-01,15:52:23,GIZ,JED,1,2013-01-23 00:00:00,,0
524,2013-01-01,02:03:18,DEL,CCU,1,2013-01-01 00:00:00,,0
525,2013-01-01,11:10:01,BCN,LCG,2,2013-01-18 00:00:00,2013-01-22 00:00:00,0
526,2013-01-01,23:46:33,SJO,JFK,1,2013-02-24 00:00:00,,0
527,2013-01-01,16:47:43,ALF,TOS,2,2013-01-02 00:00:00,2013-01-02 00:00:00,0
528,2013-01-01,22:04:43,STN,BER,1,2013-01-14 00:00:00,,0
529,2013-01-01,14:27:03,MUC,TLV,2,2013-03-18 00:00:00,2013-03-24 00:00:00,0
530,2013-01-01,23:32:20,BOM,DEL,2,2013-02-02 00:00:00,2013-02-05 00:00:00,0
531,2013-01-01,17:28:33,DTW,MBJ,2,2013-01-10 00:00:00,2013-01-14 00:00:00,0
532,2013-01-01,09:08:35,BAH,TYO,2,2013-03-06 00:00:00,2013-03-27 00:00:00,0
533,2013-01-01,00:14:59,FRA,BKK,2,2013-02-17 00:00:00,2013-03-26 00:00:00,0
534,2013-01-01,15:12:15,AKL,FRA,1,2013-02-27 00:00:00,,0
535,2013-01-01,14:03:16,ALC,BGO,1,2013-04-03 00:00:00,,0
536,2013-01-01,14:44:47,RPR,BBI,1,2013-01-06 00:00:00,,0
537,2013-01-01,20:13:32,LHR,ORL,2,2013-07-29 00:00:00,2013-08-19 00:00:00,0
538,2013-01-01,18:47:22,DAR,MNL,2,2013-03-28 00:00:00,2013-04-13 00:00:00,0
539,2013-01-01,21:57:31,BCN,FCO,1,2013-05-22 00:00:00,,0
540,2013-01-01,04:24:09,GAU,MAA,1,2013-04-12 00:00:00,,0
541,2013-01-01,20:45:33,HAM,BCN,2,2013-04-19 00:00:00,2013-04-21 00:00:00,0
542,2013-01-01,15:57:37,BIO,FUE,1,2013-02-16 00:00:00,,0
543,2013-01-01,04:54:55,MOW,VVO,1,2013-08-19 00:00:00,,0
544,2013-01-01,21:45:43,JFK,LON,1,2013-06-19 00:00:00,,0
545,2013-01-01,22:45:27,BOS,ORK,2,2013-07-11 00:00:00,2013-08-01 00:00:00,0
546,2013-01-01,15:41:25,BER,LED,2,2013-01-04 00:00:00,2013-01-06 00:00:00,0
547,2013-01-01,11:19:57,LHR,EWR,2,2013-02-02 00:00:00,2013-02-07 00:00:00,0
548,2013-01-01,13:50:54,DXB,PER,1,2013-01-01 00:00:00,,0
549,2013-01-01,21:18:16,PAR,CPH,2,2013-03-21 00:00:00,2013-03-24 00:00:00,0
550,2013-01-01,20:29:18,PAR,PPT,2,2013-01-08 00:00:00,2013-01-15 00:00:00,0
551,2013-01-01,19:09:49,SAN,IKA,2,2013-07-10 00:00:00,2013-07-24 00:00:00,0
552,2013-01-01,10:09:29,SMR,MDE,4,2013-03-16 00:00:00,2013-03-16 00:00:00,0
553,2013-01-01,22:16:13,PDX,KOA,2,2013-05-29 00:00:00,2013-06-05 00:00:00,0
554,2013-01-01,07:00:34,MAN,ROM,2,2013-01-07 00:00:00,2013-01-10 00:00:00,0
555,2013-01-01,17:10:03,AMS,LON,2,2013-11-15 00:00:00,2013-11-21 00:00:00,0
556,2013-01-01,19:13:49,JFK,CPT,2,2013-02-10 00:00:00,2013-02-17 00:00:00,0
557,2013-01-01,10:30:10,FRA,MOW,2,2013-03-29 00:00:00,2013-04-01 00:00:00,0
558,2013-01-01,20:47:29,PMI,BER,1,2013-07-31 00:00:00,,0
559,2013-01-01,00:07:55,ICN,PRG,2,2013-09-01 00:00:00,2013-09-04 00:00:00,0
560,2013-01-01,04:48:56,JFK,ICN,2,2013-08-01 00:00:00,2013-08-31 00:00:00,0
561,2013-01-01,05:12:24,TLV,BOM,2,2013-04-01 00:00:00,2013-10-01 00:00:00,0
562,2013-01-01,18:27:14,OSL,GZP,2,2013-07-22 00:00:00,2013-08-05 00:00:00,0
563,2013-01-01,23:21:11,HHN,TBZ,2,2013-01-03 00:00:00,2013-01-12 00:00:00,0
564,2013-01-01,03:12:52,JFK,BOM,2,2013-01-28 00:00:00,2013-02-04 00:00:00,0
565,2013-01-01,16:07:37,BER,SZG,2,2013-02-24 00:00:00,2013-02-27 00:00:00,0
566,2013-01-01,20:32:23,EZE,DXB,4,2013-01-06 00:00:00,2013-01-08 00:00:00,0
567,2013-01-01,11:05:04,MBJ,MIA,2,2013-01-23 00:00:00,2013-01-25 00:00:00,0
568,2013-01-01,22:44:19,BAH,LIS,1,2013-01-05 00:00:00,,0
569,2013-01-01,18:51:29,PRG,KTM,2,2013-01-08 00:00:00,2013-01-29 00:00:00,0
570,2013-01-01,14:06:00,CPH,NCE,2,2013-05-17 00:00:00,2013-05-20 00:00:00,0
571,2013-01-01,23:39:44,FCO,PMO,6,2013-06-05 00:00:00,2013-06-05 00:00:00,0
572,2013-01-01,11:33:28,BHX,PMI,2,2013-02-15 00:00:00,2013-02-18 00:00:00,0
573,2013-01-01,03:45:09,KUL,MEM,2,2013-02-12 00:00:00,2013-03-11 00:00:00,0
574,2013-01-01,20:44:45,BER,SGN,2,2013-02-03 00:00:00,2013-02-22 00:00:00,0
575,2013-01-01,13:59:00,PMI,DUS,1,2013-06-10 00:00:00,,0
576,2013-01-01,15:54:13,MIA,ROA,2,2013-10-11 00:00:00,2013-10-13 00:00:00,0
577,2013-01-01,06:17:16,IST,LJU,1,2013-01-08 00:00:00,,0
578,2013-01-01,22:50:57,AGS,BOB,2,2013-04-05 00:00:00,2013-04-08 00:00:00,0
579,2013-01-01,12:45:38,LBA,TFS,2,2013-03-19 00:00:00,2013-03-26 00:00:00,0
580,2013-01-01,17:07:21,FRA,RAK,2,2013-03-09 00:00:00,2013-03-16 00:00:00,0
581,2013-01-01,00:41:22,MEL,SYD,1,2013-04-16 00:00:00,,0
582,2013-01-01,09:44:32,PAR,TFS,2,2013-01-10 00:00:00,2013-01-14 00:00:00,0
583,2013-01-01,18:01:46,DUB,LPA,2,2013-02-09 00:00:00,2013-02-14 00:00:00,0
584,2013-01-01,18:53:13,MAD,CTA,1,2013-04-28 00:00:00,,0
585,2013-01-01,19:15:28,MNL,NRT,2,2013-04-03 00:00:00,2013-04-07 00:00:00,0
586,2013-01-01,10:43:17,FRA,BGY,1,2013-05-14 00:00:00,,0
587,2013-01-01,05:59:48,CGK,IAD,2,2013-02-02 00:00:00,2013-02-09 00:00:00,0
588,2013-01-01,15:20:36,MUC,LAX,2,2013-04-06 00:00:00,2013-05-02 00:00:00,0
589,2013-01-01,20:40:33,LON,NQY,2,2013-06-29 00:00:00,2013-07-13 00:00:00,0
590,2013-01-01,22:47:59,SZG,DUS,1,2013-01-25 00:00:00,,0
591,2013-01-01,09:05:50,FRA,CTA,2,2013-08-12 00:00:00,2013-08-24 00:00:00,0
592,2013-01-01,04:38:05,VXE,LIS,2,2013-01-31 00:00:00,2013-02-07 00:00:00,0
593,2013-01-01,05:28:54,MAD,BCN,1,2013-03-31 00:00:00,,0
594,2013-01-01,09:10:43,BNA,SEA,1,2013-01-02 00:00:00,,0
595,2013-01-01,11:23:33,BER,NAP,2,2013-03-07 00:00:00,2013-03-10 00:00:00,0
596,2013-01-01,20:45:46,DME,BKK,2,2013-01-29 00:00:00,2013-02-13 00:00:00,0
597,2013-01-01,13:05:43,BCN,OPO,1,2013-02-19 00:00:00,,0
598,2013-01-01,21:02:41,GOT,NYC,2,2013-01-04 00:00:00,2013-01-14 00:00:00,0
599,2013-01-01,01:35:59,SDU,AJU,2,2013-01-03 00:00:00,2013-01-15 00:00:00,0
600,2013-01-01,08:57:44,HEL,LYS,2,2013-08-03 00:00:00,2013-08-17 00:00:00,0
601,2013-01-01,02:04:22,BER,ARN,1,2013-03-15 00:00:00,,0
602,2013-01-01,23:00:16,GLA,RAK,2,2013-02-20 00:00:00,2013-03-01 00:00:00,0
603,2013-01-01,19:11:30,MUC,MIA,1,2013-03-25 00:00:00,,0
604,2013-01-01,16:08:45,GRU,MCO,1,2013-05-15 00:00:00,,0
605,2013-01-01,10:11:51,DEL,PAR,1,2013-01-03 00:00:00,,0
606,2013-01-01,00:53:22,BRU,MAD,2,2013-02-13 00:00:00,2013-02-16 00:00:00,0
607,2013-01-01,21:00:44,MUC,MCO,2,2013-10-25 00:00:00,2013-11-02 00:00:00,0
608,2013-01-01,20:54:57,FKB,HRG,2,2013-02-08 00:00:00,2013-02-18 00:00:00,0
609,2013-01-01,15:30:44,PBI,HEL,2,2013-03-19 00:00:00,2013-04-02 00:00:00,0
610,2013-01-01,21:18:38,NCE,MUC,1,2013-01-03 00:00:00,,0
611,2013-01-01,00:50:19,STR,CAG,2,2013-07-17 00:00:00,2013-08-01 00:00:00,0
612,2013-01-01,09:23:57,MOW,NAL,2,2013-01-02 00:00:00,2013-01-08 00:00:00,0
613,2013-01-01,17:14:21,OSL,SVG,1,2013-02-16 00:00:00,,0
614,2013-01-01,14:16:10,TXL,LPA,4,2013-08-30 00:00:00,2013-08-31 00:00:00,0
615,2013-01-01,14:26:14,MAD,MEX,2,2013-01-08 00:00:00,2013-01-15 00:00:00,0
616,2013-01-01,22:24:09,WAS,STO,2,2013-01-10 00:00:00,2013-01-24 00:00:00,0
617,2013-01-01,15:28:37,MIA,NAS,2,2013-07-17 00:00:00,2013-07-21 00:00:00,0
618,2013-01-01,19:42:47,CDG,BCN,1,2013-04-22 00:00:00,,0
619,2013-01-01,11:43:45,MEL,MQL,2,2013-01-03 00:00:00,2013-01-03 00:00:00,0
620,2013-01-01,16:19:34,PRN,HAM,1,2013-01-14 00:00:00,,0
621,2013-01-01,05:34:19,ORD,RIX,2,2013-11-22 00:00:00,2013-11-30 00:00:00,0
622,2013-01-01,13:59:48,DRS,BDS,2,2013-07-23 00:00:00,2013-08-03 00:00:00,0
623,2013-01-01,18:15:32,NUE,BCN,2,2013-05-01 00:00:00,2013-05-06 00:00:00,0
624,2013-01-01,18:50:33,DEN,LIM,2,2013-03-22 00:00:00,2013-03-30 00:00:00,0
625,2013-01-01,08:56:27,HEL,TIP,2,2013-10-07 00:00:00,2013-10-19 00:00:00,0
626,2013-01-01,23:10:09,FMY,PAR,2,2013-02-01 00:00:00,2013-02-28 00:00:00,0
627,2013-01-01,22:30:32,JFK,CAI,2,2013-06-28 00:00:00,2013-08-15 00:00:00,0
628,2013-01-01,00:59:07,SVQ,BCN,2,2013-01-01 00:00:00,2013-01-08 00:00:00,0
629,2013-01-01,11:10:36,TIP,DAC,1,2013-01-01 00:00:00,,0
630,2013-01-01,11:42:18,KEF,CPH,1,2013-01-07 00:00:00,,0
631,2013-01-01,16:41:51,MAN,HRG,2,2013-06-24 00:00:00,2013-07-01 00:00:00,0
632,2013-01-01,14:07:27,MOW,AYT,2,2013-01-05 00:00:00,2013-01-09 00:00:00,0
633,2013-01-01,15:47:34,GOT,BCN,2,2013-05-01 00:00:00,2013-05-04 00:00:00,0
634,2013-01-01,01:55:39,OVD,VLC,2,2013-07-03 00:00:00,2013-07-08 00:00:00,0
635,2013-01-01,02:37:46,NYC,CUN,2,2013-01-17 00:00:00,2013-01-22 00:00:00,0
636,2013-01-01,05:22:20,DEL,AKL,2,2013-02-04 00:00:00,2013-03-11 00:00:00,0
637,2013-01-01,17:23:05,FRA,PMI,2,2013-06-20 00:00:00,2013-06-25 00:00:00,0
638,2013-01-01,14:58:05,AMM,ISU,1,2013-01-07 00:00:00,,0
639,2013-01-01,02:13:00,KTM,HYD,2,2013-01-11 00:00:00,2013-01-21 00:00:00,0
640,2013-01-01,11:03:48,CPH,SFO,2,2013-06-22 00:00:00,2013-07-31 00:00:00,0
641,2013-01-01,22:24:26,LHR,BCN,2,2013-02-13 00:00:00,2013-02-17 00:00:00,0
642,2013-01-01,12:18:04,BIO,LHR,2,2013-04-25 00:00:00,2013-04-29 00:00:00,0
643,2013-01-01,07:16:47,HKG,MUC,2,2013-06-28 00:00:00,2013-07-17 00:00:00,0
644,2013-01-01,03:07:43,CDG,FRA,2,2013-01-06 00:00:00,2013-01-06 00:00:00,0
645,2013-01-01,16:18:55,FAE,CPH,1,2013-06-09 00:00:00,,0
646,2013-01-01,17:56:03,MAD,MIL,2,2013-02-06 00:00:00,2013-02-11 00:00:00,0
647,2013-01-01,11:20:30,TUN,PAR,1,2013-04-24 00:00:00,,0
648,2013-01-01,18:58:49,PRN,ZRH,1,2013-01-08 00:00:00,,0
649,2013-01-01,16:04:28,OSL,NYC,2,2013-04-16 00:00:00,2013-06-16 00:00:00,0
650,2013-01-01,14:20:41,SPU,FRA,2,2013-01-04 00:00:00,2013-01-13 00:00:00,0
651,2013-01-01,19:32:41,IST,BKK,1,2013-01-20 00:00:00,,0
652,2013-01-01,14:05:34,LAX,STR,1,2013-04-08 00:00:00,,0
653,2013-01-01,13:36:59,VIE,SEZ,4,2013-01-20 00:00:00,2013-01-21 00:00:00,0
654,2013-01-01,12:30:37,FRA,MCO,1,2013-08-24 00:00:00,,0
655,2013-01-01,14:16:07,TRS,TXL,2,2013-01-22 00:00:00,2013-01-27 00:00:00,0
656,2013-01-01,11:21:50,DUS,MUC,1,2013-01-29 00:00:00,,0
657,2013-01-01,18:55:38,ROM,STO,1,2013-01-03 00:00:00,,0
658,2013-01-01,14:54:10,FRA,CAS,2,2013-03-25 00:00:00,2013-04-03 00:00:00,0
659,2013-01-01,18:42:07,EMA,DLM,2,2013-08-16 00:00:00,2013-08-27 00:00:00,0
660,2013-01-01,22:50:08,BOS,ADB,2,2013-03-27 00:00:00,2013-04-03 00:00:00,0
661,2013-01-01,19:27:33,ZRH,LHR,2,2013-01-11 00:00:00,2013-01-19 00:00:00,0
662,2013-01-01,23:35:59,PLQ,OSL,1,2013-01-28 00:00:00,,0
663,2013-01-01,13:01:35,BER,MIA,2,2013-06-20 00:00:00,2013-07-03 00:00:00,0
664,2013-01-01,18:10:16,FCO,NRT,2,2013-06-07 00:00:00,2013-06-17 00:00:00,0
665,2013-01-01,23:50:03,BRU,NYC,2,2013-01-09 00:00:00,2013-01-16 00:00:00,0
666,2013-01-01,03:57:33,YTO,GLA,2,2013-07-06 00:00:00,2013-07-13 00:00:00,0
667,2013-01-01,07:43:07,IDR,ATQ,1,2013-02-13 00:00:00,,0
668,2013-01-01,10:59:43,UFA,MOW,2,2013-01-02 00:00:00,2013-01-05 00:00:00,0
669,2013-01-01,11:47:39,MAN,SIN,2,2013-02-07 00:00:00,2013-02-20 00:00:00,0
670,2013-01-01,21:45:20,HAM,FUE,2,2013-01-10 00:00:00,2013-01-17 00:00:00,0
671,2013-01-01,12:40:11,LUX,BKK,2,2013-02-08 00:00:00,2013-02-23 00:00:00,0
672,2013-01-01,23:06:47,LAX,PVG,2,2013-05-21 00:00:00,2013-07-31 00:00:00,0
673,2013-01-01,16:21:33,JFK,FCO,2,2013-04-23 00:00:00,2013-05-03 00:00:00,0
674,2013-01-01,19:47:16,HEL,AGP,2,2013-07-07 00:00:00,2013-07-17 00:00:00,0
675,2013-01-01,04:36:56,SLC,ICN,1,2013-09-18 00:00:00,,0
676,2013-01-01,11:16:05,RUH,MED,1,2013-01-04 00:00:00,,0
677,2013-01-01,04:15:40,KGI,PER,1,2013-02-09 00:00:00,,0
678,2013-01-01,17:59:23,DRS,PMI,4,2013-06-14 00:00:00,2013-06-14 00:00:00,0
679,2013-01-01,16:17:50,RUH,DMM,1,2013-01-02 00:00:00,,0
680,2013-01-01,18:20:23,MAH,SVQ,1,2013-02-15 00:00:00,,0
681,2013-01-01,08:08:53,DXB,JED,2,2013-01-18 00:00:00,2013-01-19 00:00:00,0
682,2013-01-01,17:49:40,LON,IST,2,2013-03-29 00:00:00,2013-04-02 00:00:00,0
683,2013-01-01,05:05:34,SVG,STO,2,2013-03-14 00:00:00,2013-03-17 00:00:00,0
684,2013-01-01,14:24:49,JFK,PTY,2,2013-05-27 00:00:00,2013-06-17 00:00:00,0
685,2013-01-01,23:33:18,KUL,FCO,2,2013-02-27 00:00:00,2013-03-06 00:00:00,0
686,2013-01-01,22:37:26,AAL,VIE,2,2013-04-15 00:00:00,2013-04-19 00:00:00,0
687,2013-01-01,18:03:55,AMS,NDR,2,2013-01-12 00:00:00,2013-01-20 00:00:00,0
688,2013-01-01,22:32:58,FRA,MAD,2,2013-03-27 00:00:00,2013-04-03 00:00:00,0
689,2013-01-01,14:34:29,AYT,FRA,1,2013-09-05 00:00:00,,0
690,2013-01-01,18:06:09,CHI,FRA,2,2013-01-08 00:00:00,2013-01-11 00:00:00,0
691,2013-01-01,00:14:43,YWG,PVR,2,2013-01-26 00:00:00,2013-02-02 00:00:00,0
692,2013-01-01,00:58:06,MFM,HGH,3,2013-01-29 00:00:00,2013-01-29 00:00:00,0
693,2013-01-01,23:25:52,LHR,SFO,2,2013-08-18 00:00:00,2013-08-25 00:00:00,0
694,2013-01-01,16:46:29,BCN,FRA,1,2013-02-22 00:00:00,,0
695,2013-01-01,04:46:36,NUE,SOF,1,2013-02-20 00:00:00,,0
696,2013-01-01,15:49:04,MSP,SFO,2,2013-01-22 00:00:00,2013-01-30 00:00:00,0
697,2013-01-01,12:40:21,STR,HAM,2,2013-03-01 00:00:00,2013-03-03 00:00:00,0
698,2013-01-01,11:32:54,DND,JER,2,2013-05-11 00:00:00,2013-05-18 00:00:00,0
699,2013-01-01,07:05:58,BKK,VIE,2,2013-03-27 00:00:00,2013-04-26 00:00:00,0
700,2013-01-01,02:10:29,HBA,MEL,1,2013-01-04 00:00:00,,0
701,2013-01-01,20:20:41,ATL,AMS,1,2013-01-15 00:00:00,,0
702,2013-01-01,09:46:38,SEA,MNL,2,2013-03-01 00:00:00,2013-03-17 00:00:00,0
703,2013-01-01,18:05:25,LUX,OPO,2,2013-06-21 00:00:00,2013-07-05 00:00:00,0
704,2013-01-01,14:56:09,MIL,LON,1,2013-01-07 00:00:00,,0
705,2013-01-01,10:06:42,GOT,MCO,2,2013-06-15 00:00:00,2013-06-30 00:00:00,0
706,2013-01-01,12:59:17,CDG,MLE,4,2013-02-17 00:00:00,2013-02-18 00:00:00,0
707,2013-01-01,13:10:46,JFK,BKK,1,2013-01-21 00:00:00,,0
708,2013-01-01,00:39:56,SJU,JFK,1,2013-01-31 00:00:00,,0
709,2013-01-01,17:26:42,LHR,BOS,2,,,0
710,2013-01-01,03:31:23,SAN,YYC,2,2013-03-25 00:00:00,2013-04-04 00:00:00,0
711,2013-01-01,23:46:37,ROM,TLL,2,2013-01-29 00:00:00,2013-02-26 00:00:00,0
712,2013-01-01,04:21:00,DMM,JED,1,2013-01-02 00:00:00,,0
713,2013-01-01,21:29:47,BLQ,LAS,4,2013-07-27 00:00:00,2013-08-03 00:00:00,0
714,2013-01-01,18:49:32,AUA,MCO,1,2013-08-31 00:00:00,,0
715,2013-01-01,18:47:57,LAX,DUS,2,2013-04-04 00:00:00,2013-04-11 00:00:00,0
716,2013-01-01,20:24:13,PHX,PDX,1,2013-01-01 00:00:00,,0
717,2013-01-01,22:40:43,MIA,CHI,1,2013-01-07 00:00:00,,0
718,2013-01-01,15:26:35,PAR,PTP,2,2013-02-02 00:00:00,2013-02-28 00:00:00,0
719,2013-01-01,12:11:14,DUS,AYT,2,2013-04-16 00:00:00,2013-04-25 00:00:00,0
720,2013-01-01,02:33:27,MUC,BKK,2,2013-06-06 00:00:00,2013-07-02 00:00:00,0
721,2013-01-01,17:18:52,OSL,KUL,2,2013-03-02 00:00:00,2013-03-26 00:00:00,0
722,2013-01-01,16:22:49,BOH,FAO,2,2013-04-24 00:00:00,2013-05-01 00:00:00,0
723,2013-01-01,20:30:11,OSL,CMB,2,2013-01-05 00:00:00,2013-01-15 00:00:00,0
724,2013-01-01,17:20:21,AGH,BMA,2,2013-02-01 00:00:00,2013-02-01 00:00:00,0
725,2013-01-01,21:30:31,FRA,CMB,2,2013-07-29 00:00:00,2013-08-09 00:00:00,0
726,2013-01-01,21:30:22,LON,SYD,2,2013-07-09 00:00:00,2013-07-25 00:00:00,0
727,2013-01-01,11:42:54,LIN,SUF,1,2013-02-06 00:00:00,,0
728,2013-01-01,08:52:47,WAW,STL,1,2013-01-01 00:00:00,,0
729,2013-01-01,01:58:15,EWR,LON,2,2013-08-19 00:00:00,2013-08-31 00:00:00,0
730,2013-01-01,06:31:24,BDQ,BOM,1,2013-01-03 00:00:00,,0
731,2013-01-01,20:47:37,BCN,PAR,2,2013-03-29 00:00:00,2013-04-01 00:00:00,0
732,2013-01-01,11:20:10,MED,LHE,2,2013-03-25 00:00:00,2013-04-21 00:00:00,0
733,2013-01-01,00:58:49,LHR,SYD,2,2013-04-01 00:00:00,2013-04-22 00:00:00,0
734,2013-01-01,16:54:26,TPA,LAS,2,2013-01-04 00:00:00,2013-01-06 00:00:00,0
735,2013-01-01,17:54:27,YUL,DPS,2,2013-05-07 00:00:00,2013-05-28 00:00:00,0
736,2013-01-01,20:31:09,BRU,ATH,2,2013-07-05 00:00:00,2013-07-14 00:00:00,0
737,2013-01-01,00:38:37,ADL,DRW,1,2013-07-08 00:00:00,,0
738,2013-01-01,20:56:58,LED,PAR,2,2013-05-02 00:00:00,2013-05-08 00:00:00,0
739,2013-01-01,17:04:14,KGD,IEV,1,2013-03-01 00:00:00,,0
740,2013-01-01,08:28:46,SFO,LHR,1,2013-01-26 00:00:00,,0
741,2013-01-01,17:23:48,JED,RUH,1,2013-01-04 00:00:00,,0
742,2013-01-01,17:58:30,NYC,STT,2,2013-07-07 00:00:00,2013-07-14 00:00:00,0
743,2013-01-01,10:46:21,MUC,BKK,2,2013-01-29 00:00:00,2013-03-26 00:00:00,0
744,2013-01-01,07:48:47,JED,RUH,1,2013-01-25 00:00:00,,0
745,2013-01-01,23:21:39,DTW,SJU,2,2013-04-22 00:00:00,2013-04-28 00:00:00,0
746,2013-01-01,22:44:40,BOS,BUH,2,2013-07-15 00:00:00,2013-08-07 00:00:00,0
747,2013-01-01,16:56:29,MUC,BCN,2,2013-05-28 00:00:00,2013-06-01 00:00:00,0
748,2013-01-01,00:29:51,SEA,PNH,2,2013-01-02 00:00:00,2013-02-05 00:00:00,0
749,2013-01-01,22:43:15,STO,MEX,1,2013-02-06 00:00:00,,0
750,2013-01-01,23:36:47,SFO,ULN,2,2013-05-27 00:00:00,2013-06-10 00:00:00,0
751,2013-01-01,23:57:55,FRA,WAW,2,2013-01-26 00:00:00,2013-02-02 00:00:00,0
752,2013-01-01,19:59:19,POZ,NAP,2,2013-07-25 00:00:00,2013-08-30 00:00:00,0
753,2013-01-01,21:53:38,OSL,ORL,2,2013-02-15 00:00:00,2013-02-22 00:00:00,0
754,2013-01-01,06:19:07,YYZ,TPE,2,2013-02-04 00:00:00,2013-02-24 00:00:00,0
755,2013-01-01,15:59:52,TKU,WRO,1,2013-03-27 00:00:00,,0
756,2013-01-01,15:01:42,SIN,SZX,2,2013-03-29 00:00:00,2013-04-01 00:00:00,0
757,2013-01-01,18:49:43,INN,FRA,2,2013-01-10 00:00:00,2013-01-14 00:00:00,0
758,2013-01-01,18:43:22,SVG,SKP,2,2013-08-20 00:00:00,2013-08-30 00:00:00,0
759,2013-01-01,17:50:48,GUA,ATL,2,2013-01-28 00:00:00,2013-02-14 00:00:00,0
760,2013-01-01,22:15:46,BCN,LON,1,2013-11-15 00:00:00,,0
761,2013-01-01,17:42:34,LAX,AMM,2,2013-01-12 00:00:00,2013-01-18 00:00:00,0
762,2013-01-01,07:22:46,ALC,MUC,1,2013-03-22 00:00:00,,0
763,2013-01-01,03:05:23,SIN,JFK,2,2013-08-01 00:00:00,2013-08-10 00:00:00,0
764,2013-01-01,21:09:07,LON,BZO,2,2013-02-15 00:00:00,2013-02-22 00:00:00,0
765,2013-01-01,22:38:18,BGO,KRS,1,2013-01-22 00:00:00,,0
766,2013-01-01,15:25:43,CAL,LAX,2,2013-02-18 00:00:00,2013-03-04 00:00:00,0
767,2013-01-01,23:28:23,PNA,BCN,1,2013-06-23 00:00:00,,0
768,2013-01-01,07:56:08,MOW,DMK,2,2013-01-01 00:00:00,2013-01-09 00:00:00,0
769,2013-01-01,13:24:14,NRT,LHR,2,2013-01-04 00:00:00,2013-01-04 00:00:00,0
770,2013-01-01,20:37:31,NAT,PVH,2,2013-01-05 00:00:00,2013-01-13 00:00:00,0
771,2013-01-01,14:51:17,LON,MEX,2,2013-05-26 00:00:00,2013-06-02 00:00:00,0
772,2013-01-01,18:52:00,MAN,RHO,2,2013-05-18 00:00:00,2013-05-22 00:00:00,0
773,2013-01-01,12:01:28,GOT,VLC,2,2013-04-03 00:00:00,2013-04-13 00:00:00,0
774,2013-01-01,22:44:42,FRA,AYT,4,2013-02-10 00:00:00,2013-02-10 00:00:00,0
775,2013-01-01,12:30:22,PVG,ORY,1,2013-01-30 00:00:00,,0
776,2013-01-01,18:59:51,NYC,PEI,1,2013-01-23 00:00:00,,0
777,2013-01-01,16:33:03,MUC,BER,2,2013-01-07 00:00:00,2013-01-10 00:00:00,0
778,2013-01-01,13:41:41,MAN,BKK,2,2013-05-06 00:00:00,2013-05-20 00:00:00,0
779,2013-01-01,19:54:23,GLA,IBZ,2,2013-01-06 00:00:00,2013-01-13 00:00:00,0
780,2013-01-01,23:23:33,NYC,BCN,2,2013-03-22 00:00:00,2013-03-29 00:00:00,0
781,2013-01-01,14:12:52,LHR,DXB,2,2013-01-18 00:00:00,2013-01-26 00:00:00,0
782,2013-01-01,16:06:41,HEL,DXB,2,2013-03-15 00:00:00,2013-03-29 00:00:00,0
783,2013-01-01,17:22:29,DCA,MNL,2,2013-01-10 00:00:00,2013-03-06 00:00:00,0
784,2013-01-01,19:44:14,YVR,SAN,1,2013-04-05 00:00:00,,0
785,2013-01-01,14:05:29,BCN,CUN,1,2013-01-23 00:00:00,,0
786,2013-01-01,00:25:18,PAR,SDQ,2,2013-01-04 00:00:00,2013-01-15 00:00:00,0
787,2013-01-01,14:03:18,MUC,NUE,1,2013-01-06 00:00:00,,0
788,2013-01-01,14:53:47,GOT,OMO,2,2013-05-08 00:00:00,2013-05-08 00:00:00,0
789,2013-01-01,22:25:43,LGW,TLS,2,2013-08-03 00:00:00,2013-08-17 00:00:00,0
790,2013-01-01,17:29:00,SOU,PGF,2,2013-01-15 00:00:00,2013-01-22 00:00:00,0
791,2013-01-01,15:24:57,NYC,MAD,2,2013-04-10 00:00:00,2013-04-24 00:00:00,0
792,2013-01-01,15:09:25,AOI,LON,1,2013-01-07 00:00:00,,0
793,2013-01-01,19:30:15,MAN,MNL,1,2013-04-26 00:00:00,,0
794,2013-01-01,22:38:14,LON,CAI,2,2013-07-24 00:00:00,2013-09-01 00:00:00,0
795,2013-01-01,03:53:44,STR,ALC,2,2013-03-01 00:00:00,2013-03-01 00:00:00,0
796,2013-01-01,17:35:39,NCE,BEY,2,2013-02-15 00:00:00,2013-02-26 00:00:00,0
797,2013-01-01,22:25:39,DXB,BCN,2,2013-03-31 00:00:00,2013-04-07 00:00:00,0
798,2013-01-01,00:50:58,VLC,MAD,2,2013-02-03 00:00:00,2013-02-10 00:00:00,0
799,2013-01-01,08:20:26,HEL,MUC,2,2013-02-13 00:00:00,2013-02-17 00:00:00,0
800,2013-01-01,09:10:02,BFS,BJV,2,2013-03-23 00:00:00,2013-04-02 00:00:00,0
801,2013-01-01,03:29:41,DMM,JED,1,2013-01-02 00:00:00,,0
802,2013-01-01,22:50:20,LON,UIO,1,2013-01-06 00:00:00,,0
803,2013-01-01,21:52:21,SAO,RIO,2,2013-05-17 00:00:00,2013-05-19 00:00:00,0
804,2013-01-01,13:00:08,DTM,BCN,2,2013-03-11 00:00:00,2013-03-31 00:00:00,0
805,2013-01-01,06:52:58,IKT,REN,1,2013-07-15 00:00:00,,0
806,2013-01-01,10:15:22,EAS,LIS,2,2013-03-08 00:00:00,2013-03-15 00:00:00,0
807,2013-01-01,16:31:55,DEN,CDG,2,2013-04-12 00:00:00,2013-04-27 00:00:00,0
808,2013-01-01,15:03:21,NYC,LJU,2,2013-01-28 00:00:00,2013-02-03 00:00:00,0
809,2013-01-01,18:18:56,ATL,BCN,2,2013-10-01 00:00:00,2013-10-31 00:00:00,0
810,2013-01-01,22:49:32,DAY,SJU,1,2013-01-11 00:00:00,,0
811,2013-01-01,17:08:03,LBA,REU,1,2013-04-19 00:00:00,,0
812,2013-01-01,21:00:46,YOW,BOG,2,2013-03-20 00:00:00,2013-03-27 00:00:00,0
813,2013-01-01,00:36:43,LYS,NCE,2,2013-01-11 00:00:00,2013-01-16 00:00:00,0
814,2013-01-01,17:51:06,LGW,BGI,2,2013-01-03 00:00:00,2013-01-10 00:00:00,0
815,2013-01-01,16:05:30,AMS,LIS,2,2013-03-08 00:00:00,2013-03-10 00:00:00,0
816,2013-01-01,16:10:34,BCN,LEJ,1,2013-10-02 00:00:00,,0
817,2013-01-01,00:23:53,IST,FRA,1,2013-03-16 00:00:00,,0
818,2013-01-01,11:32:00,MAD,MIA,2,2013-01-17 00:00:00,2013-03-02 00:00:00,0
819,2013-01-01,16:29:29,FKB,OPO,2,2013-07-24 00:00:00,2013-08-02 00:00:00,0
820,2013-01-01,09:07:20,JFK,SJU,2,2013-01-03 00:00:00,2013-01-07 00:00:00,0
821,2013-01-01,23:51:38,PAR,CPH,1,2013-07-11 00:00:00,,0
822,2013-01-01,03:29:03,DEL,NAG,1,2013-01-06 00:00:00,,0
823,2013-01-01,09:33:48,PAR,BUE,2,2013-03-02 00:00:00,2013-03-16 00:00:00,0
824,2013-01-01,22:53:02,IAH,ROM,2,2013-05-20 00:00:00,2013-05-30 00:00:00,0
825,2013-01-01,01:50:32,SYD,ABX,1,2013-04-14 00:00:00,,0
826,2013-01-01,16:10:10,PRG,MOW,1,2013-01-10 00:00:00,,0
827,2013-01-01,19:39:38,JFK,BKK,5,2013-01-14 00:00:00,2013-01-16 00:00:00,0
828,2013-01-01,23:43:32,NYC,ZRH,2,2013-02-15 00:00:00,2013-02-18 00:00:00,0
829,2013-01-01,23:48:30,BHX,SZG,2,2013-07-13 00:00:00,2013-07-20 00:00:00,0
830,2013-01-01,15:44:37,CPH,NYC,2,2013-11-20 00:00:00,2013-11-24 00:00:00,0
831,2013-01-01,23:58:34,MUC,MAN,2,2013-06-27 00:00:00,2013-06-28 00:00:00,0
832,2013-01-01,23:50:29,STL,MYR,2,2013-05-20 00:00:00,2013-05-25 00:00:00,0
833,2013-01-01,15:31:58,FRA,SOF,1,2013-01-09 00:00:00,,0
834,2013-01-01,11:14:38,BER,NYC,2,2013-09-07 00:00:00,2013-09-25 00:00:00,0
835,2013-01-01,11:24:52,FRA,AGP,2,2013-08-01 00:00:00,2013-08-08 00:00:00,0
836,2013-01-01,17:54:37,HEL,OSA,2,2013-06-22 00:00:00,2013-07-03 00:00:00,0
837,2013-01-01,14:40:45,MXP,GYE,6,2013-01-02 00:00:00,2013-01-02 00:00:00,0
838,2013-01-01,22:51:43,DUS,NYC,2,2013-07-01 00:00:00,2013-07-05 00:00:00,0
839,2013-01-01,14:07:06,EXT,BVE,2,2013-01-22 00:00:00,2013-01-29 00:00:00,0
840,2013-01-01,22:28:37,YQU,HNL,2,2013-04-11 00:00:00,2013-04-25 00:00:00,0
841,2013-01-01,10:00:51,ZAG,CDG,2,2013-02-16 00:00:00,2013-02-23 00:00:00,0
842,2013-01-01,13:09:06,VRA,MOW,1,2013-01-02 00:00:00,,0
843,2013-01-01,19:13:30,GOT,SJJ,2,2013-01-09 00:00:00,2013-01-14 00:00:00,0
844,2013-01-01,16:08:17,LHR,LHE,2,2013-01-09 00:00:00,2013-01-22 00:00:00,0
845,2013-01-01,10:05:01,ZRH,HAM,2,2013-04-29 00:00:00,2013-05-03 00:00:00,0
846,2013-01-01,20:17:26,CHI,SOF,2,2013-06-16 00:00:00,2013-08-15 00:00:00,0
847,2013-01-01,06:47:47,IST,DOH,1,2013-02-24 00:00:00,,0
848,2013-01-01,08:14:49,DOK,HKG,4,2013-05-01 00:00:00,2013-05-02 00:00:00,0
849,2013-01-01,00:31:56,WAS,MUC,2,2013-05-13 00:00:00,2013-05-27 00:00:00,0
850,2013-01-01,18:08:00,ROM,DUB,2,2013-02-12 00:00:00,2013-02-13 00:00:00,0
851,2013-01-01,20:16:11,FRA,MIA,2,2013-10-18 00:00:00,2013-11-02 00:00:00,0
852,2013-01-01,00:37:02,DTW,MAN,2,2013-01-08 00:00:00,2013-01-29 00:00:00,0
853,2013-01-01,00:49:42,LON,SEL,2,2013-01-24 00:00:00,2013-02-22 00:00:00,0
854,2013-01-01,19:37:17,CGN,PMI,2,2013-08-17 00:00:00,2013-09-02 00:00:00,0
855,2013-01-01,01:21:44,HAJ,DJE,2,2013-03-14 00:00:00,2013-03-14 00:00:00,0
856,2013-01-01,22:17:50,LIS,HAM,1,2013-03-24 00:00:00,,0
857,2013-01-01,12:31:57,HEL,TBU,2,2013-09-02 00:00:00,2013-09-23 00:00:00,0
858,2013-01-01,19:37:13,LGW,BGI,2,2013-01-03 00:00:00,2013-01-10 00:00:00,0
859,2013-01-01,17:29:03,RUH,ABT,1,2013-01-19 00:00:00,,0
860,2013-01-01,15:10:02,OVB,LED,1,2013-06-29 00:00:00,,0
861,2013-01-01,22:27:13,BER,ADD,2,2013-02-14 00:00:00,2013-03-30 00:00:00,0
862,2013-01-01,09:59:14,IST,ALA,2,2013-01-07 00:00:00,2013-01-14 00:00:00,0
863,2013-01-01,06:13:26,DUB,HKG,2,2013-03-27 00:00:00,2013-04-04 00:00:00,0
864,2013-01-01,09:51:38,AMS,DEN,2,2013-07-10 00:00:00,2013-08-07 00:00:00,0
865,2013-01-01,13:52:04,ZRH,KEF,2,2013-08-04 00:00:00,2013-08-15 00:00:00,0
866,2013-01-01,13:44:39,ATL,LIR,2,2013-06-27 00:00:00,2013-06-27 00:00:00,0
867,2013-01-01,18:18:24,CDG,MUC,1,2013-03-03 00:00:00,,0
868,2013-01-01,21:33:18,MAN,HKT,2,2013-06-08 00:00:00,2013-06-23 00:00:00,0
869,2013-01-01,21:28:00,DUS,PMI,2,2013-08-31 00:00:00,2013-09-30 00:00:00,0
870,2013-01-01,19:23:14,LAX,TLV,1,2013-02-24 00:00:00,,0
871,2013-01-01,15:35:11,CPH,KOA,2,2013-02-20 00:00:00,2013-02-28 00:00:00,0
872,2013-01-01,22:00:05,LHR,CUN,4,2013-02-15 00:00:00,2013-02-16 00:00:00,0
873,2013-01-01,16:59:05,AGP,EXT,2,2013-05-18 00:00:00,2013-05-25 00:00:00,0
874,2013-01-01,06:50:27,SFO,LHR,2,2013-04-02 00:00:00,2013-04-16 00:00:00,0
875,2013-01-01,22:53:51,MAD,STO,2,2013-02-08 00:00:00,2013-02-11 00:00:00,0
876,2013-01-01,03:20:26,YVR,MNL,2,2013-01-02 00:00:00,2013-02-23 00:00:00,0
877,2013-01-01,13:02:34,LPA,TFS,1,2013-04-07 00:00:00,,0
878,2013-01-01,17:45:29,CAI,JED,1,2013-01-30 00:00:00,,0
879,2013-01-01,18:29:30,SPC,LPA,1,2013-02-03 00:00:00,,0
880,2013-01-01,20:34:05,HAM,NYC,2,2013-07-02 00:00:00,2013-07-31 00:00:00,0
881,2013-01-01,09:45:08,BBU,OSL,2,2013-01-18 00:00:00,2013-02-03 00:00:00,0
882,2013-01-01,11:10:14,PNQ,IXZ,2,2013-06-08 00:00:00,2013-06-16 00:00:00,0
883,2013-01-01,18:29:06,WAS,BUE,2,2013-03-13 00:00:00,2013-03-27 00:00:00,0
884,2013-01-01,23:39:37,OVD,ALC,1,2013-01-06 00:00:00,,0
885,2013-01-01,11:05:26,MAD,NYC,2,2013-09-01 00:00:00,2013-09-15 00:00:00,0
886,2013-01-01,17:15:28,WLG,SYD,2,2013-02-13 00:00:00,2013-02-13 00:00:00,0
887,2013-01-01,18:30:08,TRD,SVG,1,2013-03-01 00:00:00,,0
888,2013-01-01,17:18:50,GYD,VIE,1,2013-05-05 00:00:00,,0
889,2013-01-01,19:25:38,FRA,KUL,2,2013-03-04 00:00:00,2013-04-17 00:00:00,0
890,2013-01-01,21:15:55,BWI,KEF,1,2013-01-12 00:00:00,,0
891,2013-01-01,07:04:40,MSP,SAN,2,2013-04-12 00:00:00,2013-04-22 00:00:00,0
892,2013-01-01,15:06:54,NYC,PTY,2,2013-02-15 00:00:00,2013-02-24 00:00:00,0
893,2013-01-01,17:47:22,BSL,BRU,1,2013-03-05 00:00:00,,0
894,2013-01-01,18:01:43,AMS,NYC,2,2013-07-15 00:00:00,2013-07-24 00:00:00,0
895,2013-01-01,19:00:54,MCO,MAD,2,2013-04-30 00:00:00,2013-05-07 00:00:00,0
896,2013-01-01,18:54:20,DEL,SXR,1,2013-01-15 00:00:00,,0
897,2013-01-01,20:09:58,SJC,MAD,2,2013-08-01 00:00:00,2013-08-12 00:00:00,0
898,2013-01-01,01:33:51,MIA,BLR,1,2013-02-14 00:00:00,,0
899,2013-01-01,20:29:56,BES,AMS,2,2013-09-02 00:00:00,2013-09-04 00:00:00,0
900,2013-01-01,13:51:44,PAR,THR,2,2013-05-04 00:00:00,2013-05-19 00:00:00,0
901,2013-01-01,11:37:37,HEL,LAS,2,2013-05-02 00:00:00,2013-05-24 00:00:00,0
902,2013-01-01,17:11:35,PAD,PMI,2,2013-08-11 00:00:00,2013-09-01 00:00:00,0
903,2013-01-01,14:11:38,BER,NYC,2,2013-03-18 00:00:00,2013-03-28 00:00:00,0
904,2013-01-01,02:10:40,TXL,AGP,2,2013-01-03 00:00:00,2013-01-10 00:00:00,0
905,2013-01-01,09:08:45,LIS,CHI,1,2013-03-31 00:00:00,,0
906,2013-01-01,16:41:57,PAR,HKG,2,2013-07-18 00:00:00,2013-08-14 00:00:00,0
907,2013-01-01,11:21:23,MOW,PRG,2,2013-02-01 00:00:00,2013-02-04 00:00:00,0
908,2013-01-01,15:15:47,WAW,ROM,2,2013-04-12 00:00:00,2013-04-15 00:00:00,0
909,2013-01-01,16:34:41,CPH,LIN,1,2013-03-21 00:00:00,,0
910,2013-01-01,18:31:34,BER,BKK,2,2013-09-01 00:00:00,2013-10-01 00:00:00,0
911,2013-01-01,16:05:34,BEY,CDG,1,2013-02-06 00:00:00,,0
912,2013-01-01,20:05:04,DEN,SJO,2,2013-01-12 00:00:00,2013-01-20 00:00:00,0
913,2013-01-01,19:05:05,GRZ,BKK,2,2013-03-09 00:00:00,2013-03-30 00:00:00,0
914,2013-01-01,05:38:49,BOS,KUL,2,2013-09-11 00:00:00,2013-09-26 00:00:00,0
915,2013-01-01,09:54:45,KWI,COK,2,2013-01-08 00:00:00,2013-01-08 00:00:00,0
916,2013-01-01,14:01:54,OMA,BWI,2,2013-03-23 00:00:00,2013-03-23 00:00:00,0
917,2013-01-01,02:14:46,YYZ,BKK,2,2013-07-25 00:00:00,2013-08-08 00:00:00,0
918,2013-01-01,08:59:07,MUC,CDG,2,2013-01-01 00:00:00,2013-01-05 00:00:00,0
919,2013-01-01,16:51:49,TRV,RUH,2,2013-01-19 00:00:00,2013-01-26 00:00:00,0
920,2013-01-01,14:43:09,PAR,YUL,2,2013-08-03 00:00:00,2013-08-28 00:00:00,0
921,2013-01-01,16:36:10,BUE,FLN,2,2013-03-09 00:00:00,2013-03-16 00:00:00,0
922,2013-01-01,12:26:53,STO,JRO,2,2013-12-05 00:00:00,2013-12-19 00:00:00,0
923,2013-01-01,19:09:26,DEL,BOM,1,2013-01-02 00:00:00,,0
924,2013-01-01,16:38:35,LON,WRO,2,2013-02-08 00:00:00,2013-02-10 00:00:00,0
925,2013-01-01,19:29:28,DUS,BWK,2,2013-08-18 00:00:00,2013-08-25 00:00:00,0
926,2013-01-01,02:24:06,LHR,CAI,2,2013-03-31 00:00:00,2013-04-14 00:00:00,0
927,2013-01-01,03:54:11,PER,MEL,2,2013-02-28 00:00:00,2013-02-28 00:00:00,0
928,2013-01-01,14:57:25,CGN,AYT,4,2013-01-11 00:00:00,2013-01-11 00:00:00,0
929,2013-01-01,13:11:41,VIX,MIA,1,2013-01-16 00:00:00,,0
930,2013-01-01,23:50:02,FUE,MIL,1,2013-01-26 00:00:00,,0
931,2013-01-01,16:10:02,NYC,ZRH,2,2013-05-23 00:00:00,2013-06-03 00:00:00,0
932,2013-01-01,21:09:48,YMQ,RKV,2,2013-07-15 00:00:00,2013-08-04 00:00:00,0
933,2013-01-01,21:28:42,LAX,ROM,2,2013-06-10 00:00:00,2013-06-24 00:00:00,0
934,2013-01-01,10:39:08,BER,BUD,2,2013-01-24 00:00:00,2013-01-27 00:00:00,0
935,2013-01-01,03:02:28,GDL,TIJ,1,2013-01-07 00:00:00,,0
936,2013-01-01,14:17:08,JFK,BUF,2,2013-07-15 00:00:00,2013-07-15 00:00:00,0
937,2013-01-01,23:21:08,VIE,LAX,2,2013-09-07 00:00:00,2013-09-08 00:00:00,0
938,2013-01-01,03:19:01,SFO,PAR,2,2013-03-20 00:00:00,2013-04-03 00:00:00,0
939,2013-01-01,21:25:05,FRA,ALC,1,2013-02-22 00:00:00,,0
940,2013-01-01,19:13:48,DUS,ESB,2,2013-01-03 00:00:00,2013-01-14 00:00:00,0
941,2013-01-01,19:03:34,JFK,SDQ,2,2013-03-19 00:00:00,2013-03-29 00:00:00,0
942,2013-01-01,14:47:44,CNF,MIA,2,2013-01-03 00:00:00,2013-01-08 00:00:00,0
943,2013-01-01,07:44:58,BNE,PVG,4,2013-05-04 00:00:00,2013-05-04 00:00:00,0
944,2013-01-01,17:44:14,NYC,PUJ,2,2013-03-28 00:00:00,2013-04-01 00:00:00,0
945,2013-01-01,20:24:25,BKK,OSL,2,2013-02-27 00:00:00,2013-03-06 00:00:00,0
946,2013-01-01,12:47:35,DSM,DTW,2,2013-09-19 00:00:00,2013-09-19 00:00:00,0
947,2013-01-01,02:48:16,AHO,LON,2,2013-01-23 00:00:00,2013-01-27 00:00:00,0
948,2013-01-01,10:46:15,EDI,SFB,2,2013-09-14 00:00:00,2013-09-28 00:00:00,0
949,2013-01-01,03:02:41,MUC,DUS,1,2013-01-06 00:00:00,,0
950,2013-01-01,13:22:14,FRA,ROM,2,2013-06-01 00:00:00,2013-06-06 00:00:00,0
951,2013-01-01,11:57:22,LHR,HAM,2,2013-05-05 00:00:00,2013-05-12 00:00:00,0
952,2013-01-01,11:32:58,HAM,LPA,2,2013-05-22 00:00:00,2013-05-29 00:00:00,0
953,2013-01-01,22:10:29,MIL,PRG,1,2013-04-25 00:00:00,,0
954,2013-01-01,09:26:39,FRA,ISB,2,2013-09-27 00:00:00,2013-10-18 00:00:00,0
955,2013-01-01,20:44:37,LON,PER,2,2013-03-15 00:00:00,2013-03-29 00:00:00,0
956,2013-01-01,17:25:16,SFO,PAR,2,2013-05-13 00:00:00,2013-05-25 00:00:00,0
957,2013-01-01,09:55:31,FRA,TXL,2,2013-01-11 00:00:00,2013-01-13 00:00:00,0
958,2013-01-01,12:18:43,OSL,BKK,2,2013-01-06 00:00:00,2013-03-01 00:00:00,0
959,2013-01-01,21:00:10,IKA,CDG,2,2013-01-16 00:00:00,2013-01-23 00:00:00,0
960,2013-01-01,21:52:43,RDU,LON,2,2013-01-02 00:00:00,2013-01-07 00:00:00,0
961,2013-01-01,03:52:06,ORD,AMD,1,2013-04-04 00:00:00,,0
962,2013-01-01,13:11:36,MAN,MRU,2,2013-01-14 00:00:00,2013-02-05 00:00:00,0
963,2013-01-01,18:58:54,CDG,FCO,1,2013-01-23 00:00:00,,0
964,2013-01-01,13:05:51,BHX,HFE,6,2013-02-05 00:00:00,2013-02-05 00:00:00,0
965,2013-01-01,20:34:20,SVQ,STR,1,2013-10-13 00:00:00,,0
966,2013-01-01,15:29:11,CPH,KEF,1,2013-07-25 00:00:00,,0
967,2013-01-01,14:50:43,PMI,BER,1,2013-01-15 00:00:00,,0
968,2013-01-01,14:13:44,CPH,NCE,1,2013-02-10 00:00:00,,0
969,2013-01-01,06:52:12,ZRH,CEB,2,2013-04-06 00:00:00,2013-04-19 00:00:00,0
970,2013-01-01,15:06:24,CPH,BKK,2,2013-01-25 00:00:00,2013-02-21 00:00:00,0
971,2013-01-01,13:48:46,FRA,MIA,2,2013-03-19 00:00:00,2013-04-06 00:00:00,0
972,2013-01-01,06:15:14,JED,RUH,1,2013-01-04 00:00:00,,0
973,2013-01-01,16:07:26,RIO,POA,1,2013-01-09 00:00:00,,0
974,2013-01-01,05:14:24,SDF,PTY,2,2013-06-10 00:00:00,2013-06-16 00:00:00,0
975,2013-01-01,19:56:36,MAD,ACC,2,2013-01-07 00:00:00,2013-01-11 00:00:00,0
976,2013-01-01,14:57:20,BLR,JNB,2,2013-01-18 00:00:00,2013-01-24 00:00:00,0
977,2013-01-01,23:23:50,BRU,CTA,2,2013-08-31 00:00:00,2013-09-07 00:00:00,0
978,2013-01-01,14:25:56,YYZ,YVR,2,2013-03-16 00:00:00,2013-03-16 00:00:00,0
979,2013-01-01,16:41:00,FKB,IBZ,2,2013-06-21 00:00:00,2013-06-26 00:00:00,0
980,2013-01-01,08:44:02,PMI,MUC,1,2013-01-18 00:00:00,,0
981,2013-01-01,07:41:21,NYC,SXM,2,2013-01-16 00:00:00,2013-01-20 00:00:00,0
982,2013-01-01,17:23:02,GOI,IXC,1,2013-02-20 00:00:00,,0
983,2013-01-01,09:07:51,JFK,FRA,1,2013-04-26 00:00:00,,0
984,2013-01-01,15:56:30,DEN,SAN,2,2013-02-02 00:00:00,2013-02-10 00:00:00,0
985,2013-01-01,11:41:46,OSL,SVG,1,2013-01-15 00:00:00,,0
986,2013-01-01,15:18:17,LON,MUC,1,2013-02-15 00:00:00,,0
987,2013-01-01,11:25:06,HAM,RAK,1,2013-03-10 00:00:00,,0
988,2013-01-01,04:06:37,MEL,SIN,1,2013-01-02 00:00:00,,0
989,2013-01-01,08:51:44,ATL,AMS,2,2013-04-24 00:00:00,2013-04-30 00:00:00,0
990,2013-01-01,17:34:46,ARN,LIN,1,2013-01-18 00:00:00,,0
991,2013-01-01,22:03:14,BKK,MDL,2,2013-02-11 00:00:00,2013-02-18 00:00:00,0
992,2013-01-01,19:12:06,LED,BCN,2,2013-01-05 00:00:00,2013-01-06 00:00:00,0
993,2013-01-01,23:51:52,EDI,CHI,2,2013-02-17 00:00:00,2013-02-24 00:00:00,0
994,2013-01-01,11:43:45,KUL,PAR,1,2013-01-04 00:00:00,,0
995,2013-01-01,14:58:25,ADB,DTM,1,2013-03-31 00:00:00,,0
996,2013-01-01,16:03:50,HKG,PER,2,2013-01-29 00:00:00,2013-01-30 00:00:00,0
997,2013-01-01,02:16:11,YYZ,HKG,2,2013-01-05 00:00:00,2013-01-14 00:00:00,0
998,2013-01-01,13:01:24,JRO,FRA,2,2013-01-31 00:00:00,2013-02-05 00:00:00,0
999,2013-01-01,22:48:50,FLR,LON,2,2013-08-12 00:00:00,2013-08-26 00:00:00,0
